Data Mapping: New Risk Store เป็นฐาน,Data Mapping: New Risk Store เป็นฐาน,Data Mapping: New Risk Store เป็นฐาน,Data Mapping: New Risk Store เป็นฐาน,Data Mapping: New Risk Store เป็นฐาน
กรองตาม Scenario ได้จากหัวตาราง | ชื่อเดิมแสดงรหัสเดิมในวงเล็บเหลี่ยมเพื่อให้ตรวจสอบย้อนกลับได้,กรองตาม Scenario ได้จากหัวตาราง | ชื่อเดิมแสดงรหัสเดิมในวงเล็บเหลี่ยมเพื่อให้ตรวจสอบย้อนกลับได้,กรองตาม Scenario ได้จากหัวตาราง | ชื่อเดิมแสดงรหัสเดิมในวงเล็บเหลี่ยมเพื่อให้ตรวจสอบย้อนกลับได้,กรองตาม Scenario ได้จากหัวตาราง | ชื่อเดิมแสดงรหัสเดิมในวงเล็บเหลี่ยมเพื่อให้ตรวจสอบย้อนกลับได้,กรองตาม Scenario ได้จากหัวตาราง | ชื่อเดิมแสดงรหัสเดิมในวงเล็บเหลี่ยมเพื่อให้ตรวจสอบย้อนกลับได้
รหัสบัญชีใหม่ (New Code),ชื่อบัญชีความเสี่ยงใหม่ (New Name),ชื่อบัญชีความเสี่ยงเก่าที่จับคู่ได้ (Old Name),รูปแบบการ Mapping (Scenario),คำอธิบายเพิ่มเติม / ข้อเสนอแนะ (Remarks)
CPE101,Un-planed Cardiopulmonary Resuscitation (CPR),[PT/33] ผู้ ป่วย อาการ ทรุด ลง ขณะ รับ การ รักษา,1-to-Many,หัวข้อเดิมกว้าง ต้องตรวจรายละเอียดเหตุการณ์ว่าเป็น CPR ที่ไม่ได้วางแผนจริง
CPE201,Sepsis with death,[PT/28] ผู้ ป่วย Sepsis ไม่ ได้ รับ การ รักษา ตาม แนวทาง ปฏิบัติ ที่ กําหนด,1-to-Many,ใช้เมื่อผู้ป่วย sepsis เสียชีวิต; หากไม่เสียชีวิตให้เลือกความเสี่ยงใหม่ตามผลลัพธ์จริง
CPE202,ผู้ป่วย Acute Coronary Syndrome ไม่ได้รับการตรวจ รักษาในช่วงเวลา golden period,[เป็นความเสี่ยงใหม่ ไม่พบในระบบเก่า],No Match,ไม่พบหัวข้อเดิมที่มีความหมายเฉพาะตรงกับมาตรฐานใหม่ ควรเริ่มใช้รหัสนี้กับเหตุการณ์ใหม่และทบทวนย้อนหลังเป็นรายเหตุการณ์หากจำเป็น
CPE203,Acute Ischemic Stroke ที่ให้การรักษาไม่ทัน golden period,[PT/27] ผู้ ป่วย Stroke ไม่ ได้ รับ การ ส่ง ต่อ ทัน เวลา ตาม มาตรฐาน ที่ กําหนด,1-to-Many,รหัสเดิมเน้นส่งต่อล่าช้า ส่วนรหัสใหม่เน้นพ้น golden period
CPE204,เกิดภาวะแทรกซ้อนจากการทํา Cardiopulmonary Resuscitation (CPR),[เป็นความเสี่ยงใหม่ ไม่พบในระบบเก่า],No Match,ไม่พบหัวข้อเดิมที่มีความหมายเฉพาะตรงกับมาตรฐานใหม่ ควรเริ่มใช้รหัสนี้กับเหตุการณ์ใหม่และทบทวนย้อนหลังเป็นรายเหตุการณ์หากจำเป็น
CPE302,มารดาเสียชีวิตจากการคลอด,[เป็นความเสี่ยงใหม่ ไม่พบในระบบเก่า],No Match,ไม่พบหัวข้อเดิมที่มีความหมายเฉพาะตรงกับมาตรฐานใหม่ ควรเริ่มใช้รหัสนี้กับเหตุการณ์ใหม่และทบทวนย้อนหลังเป็นรายเหตุการณ์หากจำเป็น
CPE303,ทารกเสียชีวิตจากการคลอด,[เป็นความเสี่ยงใหม่ ไม่พบในระบบเก่า],No Match,ไม่พบหัวข้อเดิมที่มีความหมายเฉพาะตรงกับมาตรฐานใหม่ ควรเริ่มใช้รหัสนี้กับเหตุการณ์ใหม่และทบทวนย้อนหลังเป็นรายเหตุการณ์หากจำเป็น
CPE304,ภาวะแทรกซ้อนจากการคลอดที่ป้องกันได้เกิดขึ้นกับมารดา,[PT/21.02] ทารก แฝด ที่ ไม่ ได้ รับ การ วินิจฉัย ขณะ ตั้ง ครรภ์ / วินิจฉัย ท่า เด็ก ไม่ ถูก ต้อง,1-to-Many,จับคู่เฉพาะกรณีความผิดพลาดการวินิจฉัยครรภ์ที่นำไปสู่ภาวะแทรกซ้อนมารดา
CPE301,PPH with Complicate,[PT/24] ผู้ ป่วย คลอด ฉุกเฉิน เกิด ภาวะ ตกเลือด หลัง คลอด,1-to-Many,ใช้เมื่อ PPH มีภาวะแทรกซ้อน; เหตุการณ์ PPH อื่นต้องทบทวนระดับผลกระทบ
CPE402,Under triage,"[PT/19.03] Under triage ผู้ ป่วย Level 3,4,5
[PT/19.05] ผู้ ป่วย ระดับ 1,2 ได้ รับ การ ประเมิน Under triage",Many-to-1,ชื่อเดิมถูกรวมเข้าสู่รหัสมาตรฐานใหม่ตามความหมายและขั้นตอนบริการที่ใกล้เคียงที่สุด
CPE403,Over triage,"[PT/19.04] Over triage ผู้ ป่วย Level 3,4,5
[PT/19.06] ผู้ ป่วย ระดับ 1,2 ได้ รับ การ ประเมิน Over triage",Many-to-1,ชื่อเดิมถูกรวมเข้าสู่รหัสมาตรฐานใหม่ตามความหมายและขั้นตอนบริการที่ใกล้เคียงที่สุด
CPE305,ภาวะแทรกซ้อนจากการคลอดที่ป้องกันได้เกิดขึ้นกับทารก (Birth injury),[เป็นความเสี่ยงใหม่ ไม่พบในระบบเก่า],No Match,ไม่พบหัวข้อเดิมที่มีความหมายเฉพาะตรงกับมาตรฐานใหม่ ควรเริ่มใช้รหัสนี้กับเหตุการณ์ใหม่และทบทวนย้อนหลังเป็นรายเหตุการณ์หากจำเป็น
CPE306,Severe Birth Asphyxia,[เป็นความเสี่ยงใหม่ ไม่พบในระบบเก่า],No Match,ไม่พบหัวข้อเดิมที่มีความหมายเฉพาะตรงกับมาตรฐานใหม่ ควรเริ่มใช้รหัสนี้กับเหตุการณ์ใหม่และทบทวนย้อนหลังเป็นรายเหตุการณ์หากจำเป็น
CPE401,ผู้ป่วยฉุกเฉินไม่ได้รับการตรวจรักษาภายในระยะเวลา 30 นาที,"[PT/13] การ ดูแล รักษา ล่า ช้า
[PT/13.01] ระยะ เวลา การ รอ คอย รับ บริการ นาน / เกิน เวลา ที่ กําหนด
[PT/13.02] แพทย์ ออก ตรวจ ล่า ช้า
[PT/13.03] ติดต่อ แพทย์ เวร ไม่ ได้",Many-to-1,ควรใช้เฉพาะเหตุฉุกเฉินที่เกิน 30 นาที
CPE404,ผู้ป่วยไม่รอตรวจ ไม่พึงพอใจ ร้องเรียน,"[PT/08.01] ผู้ ป่วย ไม่ รอ ตรวจ
[ES5/03] ผู้ ป่วย ไม่ พึง พอใจ ใน การ รักษา / การ ให้ บริการ",Many-to-1,ชื่อเดิมถูกรวมเข้าสู่รหัสมาตรฐานใหม่ตามความหมายและขั้นตอนบริการที่ใกล้เคียงที่สุด
CPE405,Delay Diagnosis and Delay treatment ในผู้ป่วย ฉุกเฉิน และผู้ป่วย Fast Track,"[PT/21] การ วินิจฉัย โรค ผิด พลาด / ไม่ ชัดเจน / ล่า ช้า
[PT/21.01] การ วินิจฉัย โรค ล่า ช้า / ไม่ ถูก ต้อง
[PT/13] การ ดูแล รักษา ล่า ช้า",Many-to-1,รวมทั้งวินิจฉัยและรักษาล่าช้าใน ER/Fast Track
CPE406,ผู้ป่วยเสียชีวิตที่ห้องฉุกเฉินระหว่างรอการตรวจรักษา,[PT/10] ผู้ ป่วย เสีย ชีวิต โดย ไม่ ได้ วาง แผน,1-to-Many,รหัสเดิมเสียชีวิตโดยไม่วางแผนกว้างกว่า ต้องยืนยันว่าเสียชีวิตระหว่างรอที่ ER
CPE407,Missed Diagnosis,"[PT/21] การ วินิจฉัย โรค ผิด พลาด / ไม่ ชัดเจน / ล่า ช้า
[PT/21.01] การ วินิจฉัย โรค ล่า ช้า / ไม่ ถูก ต้อง",Many-to-1,ชื่อเดิมถูกรวมเข้าสู่รหัสมาตรฐานใหม่ตามความหมายและขั้นตอนบริการที่ใกล้เคียงที่สุด
CPE408,Un-planed ICU ในผู้ป่วยฉุกเฉิน/ผู้ป่วยวิกฤติ,"[PT/33] ผู้ ป่วย อาการ ทรุด ลง ขณะ รับ การ รักษา
[PT/33.01] ผู้ ป่วย อาการ ทรุด ลง ขณะ รอ ตรวจ",Many-to-1,ต้องยืนยันว่าเป็นการเข้า ICU โดยไม่ได้วางแผน
CPE409,ผู้ป่วยได้รับการตรวจรักษาในห้องฉุกเฉินนานมากกว่า 2 ชั่วโมงก่อน Admit หรือนานมากกว่า 4 ชั่วโมงก่อนการ จําหน่ายกลับบ้าน,[PT/13.01] ระยะ เวลา การ รอ คอย รับ บริการ นาน / เกิน เวลา ที่ กําหนด,1-to-Many,ใช้เมื่อระยะเวลาค้างใน ER ตรงเกณฑ์ใหม่
CPE410,เกิดอุบัติภัยหมู่ที่ให้ความช่วยเหลือได้ไม่ทันเวลา,[เป็นความเสี่ยงใหม่ ไม่พบในระบบเก่า],No Match,ไม่พบหัวข้อเดิมที่มีความหมายเฉพาะตรงกับมาตรฐานใหม่ ควรเริ่มใช้รหัสนี้กับเหตุการณ์ใหม่และทบทวนย้อนหลังเป็นรายเหตุการณ์หากจำเป็น
CPE411,เกิด disaster หรือภาวะฉุกเฉินที่ไม่พึงประสงค์ต่างๆ ที่ ER,[เป็นความเสี่ยงใหม่ ไม่พบในระบบเก่า],No Match,ไม่พบหัวข้อเดิมที่มีความหมายเฉพาะตรงกับมาตรฐานใหม่ ควรเริ่มใช้รหัสนี้กับเหตุการณ์ใหม่และทบทวนย้อนหลังเป็นรายเหตุการณ์หากจำเป็น
CPI202,VAP: Ventilator-Associated Pneumonia,[IC/01] ผู้ ป่วย ติด เชื้อ ใน โรง พยาบาล / ติด เชื้อ จาก การ ทํา ผ่า ตัด / หัตถการ,1-to-Many,หัวข้อเดิม HAI กว้าง ต้องยืนยันว่าเป็น VAP
CPI203,CLABSI: Central Line-Associated Bloodstream Infection,[IC/01] ผู้ ป่วย ติด เชื้อ ใน โรง พยาบาล / ติด เชื้อ จาก การ ทํา ผ่า ตัด / หัตถการ,1-to-Many,หัวข้อเดิม HAI กว้าง ต้องยืนยันว่าเป็น CLABSI
CPI101,ไม่ล้างมือ/ล้างไม่เหมาะสมตามข้อบ่งชี้ของการทําความ สะอาดมือ (5 moments for hand hygiene),"[IC/05] ไม่ ล้างมือ ตาม มาตรฐาน
[IC/05.01] ล้างมือ ไม่ ครบ 7 ขั้น ตอน /5 moment",Many-to-1,ชื่อเดิมถูกรวมเข้าสู่รหัสมาตรฐานใหม่ตามความหมายและขั้นตอนบริการที่ใกล้เคียงที่สุด
CPI201,CAUTI: Catheter Associated Urinary Tract Infection,[IC/01.02] ติด เชื้อ จาก การ คา สาย สวน ปัสสาวะ (CAUTI),1-to-1,ชื่อเดิมถูกรวมเข้าสู่รหัสมาตรฐานใหม่ตามความหมายและขั้นตอนบริการที่ใกล้เคียงที่สุด
CPI204,การไม่ปฏิบัติตามแนวทางป้องกันการแพร่กระจายเชื้อก่อโรค ในสถานพยาบาล Standard Precautions (ยกเว้นการล้าง มือ),"[IC/04] การ ใช้ อุปกรณ์ ป้องกัน ตน เอง (PPE) ไม่ เหมาะสม
[IC/04.01] การ ไม่ ใส่ อุปกรณ์ ป้องกัน ตน เอง (PPE) ตาม แนวทาง ที่ กําหนด
[IC/04.02] ใช้ หน้ากาก อนามัย (Mask) ผิด ประเภท
[IC/04.03] ใช้ อุปกรณ์ ป้องกัน ร่างกาย ส่วน บุคคล จาก การ ติด เชื้อ ไม่ ถูก ต้อง
[IC/07] การ จัด เก็บ ผ้า เปื้อน ไม่ ได้ มาตรฐาน
[IC/07.03] ขยะ ติด เชื้อ สิ่ง ปฏิกูล ติด มา กับ ผ้า ที่ ส่ง ซัก
[IC/09] การ คัด กรอง ผู้ ป่วย โรค ติด เชื้อ ไม่ ปฏิบัติ ตาม แนวทาง / มาตรฐาน ที่ กําหนด
[IC/09.02] การ คัด กรอง ผู้ ป่วย โรค ติดต่อ ไม่ เป็น ไป ตาม แนวทาง ที่ กําหนด
[IC/10] ไม่ ปฎิบัติตาม แนวทาง การ ขน ย้าย ของ สะอาด- สกปรก
[IC/10.01] การ ขน ย้าย ของ สะอาด- สกปรก ไม่ ถูก เวลา
[IC/10.02] การ ขน ย้าย ของ สะอาด- สกปรก ไม่ ถูกเส้น ทาง
[IC/10.03] วาง ของ สะอาด / สกปรก ใน ตําแหน่ง ที่ ไม่ เหมาะสม
[IC/02] วัสดุ เครื่องมือ แพทย์ ไม่ ได้ มาตรฐาน การ ทํา ปราศจาก เชื้อ
[IC/02.01] วัสดุ เครื่องมือ แพทย์ ไม่ สะอาด
[IC/02.06] วัสดุ เครื่องมือ แพทย์ ผล การ การ ทําให้ ปราศจาก เชื้อ ไม่ ผ่าน เกณฑ์ ทาง เคมี
[IC/02.07] วัสดุ เครื่องมือ แพทย์ ผล การ การ ทําให้ ปราศจาก เชื้อ ไม่ ผ่าน เกณฑ์ ทาง กายภาพ (แผ่น stream ไม่ เปลี่ยน สี)
[IC/02.08] วัสดุ เครื่องมือ แพทย์ ผล การ การ ทําให้ ปราศจาก เชื้อ ไม่ ผ่าน เกณฑ์ ทาง ชี ว ภาพ
[IC/06] การ ทิ้ง ขยะ ติด เชื้อ และ ของ มี คม ไม่ ปฏิบัติ ตาม แนวทาง ที่ กําหนด
[IC/06.01] ทิ้ง ขยะ ติด เชื้อ ผิด ประเภท
[IC/06.02] ทิ้ง บรรจุ ภัณฑ์ ยา (Amp,Vial) ใน ขยะ ติด เชื้อ หรือ ขยะ ทั่วไป
[IC/06.03] พบ เข็ม / ของ มีค มตก อยู่ ที่ พื้น
[IC/06.04] ภาชนะ ทิ้ง เข็ม ไม่ มี ฝา ปิด ก่อน ส่ง โรง พัก ขยะ
[IC/06.05] ทิ้ง ขยะ ติด เชื้อ ใน ถัง มาก กว่า 2/3 ของ ภาชนะ บรรจุ / ทิ้ง ของ มี คม ใน ภาชนะ มาก กว่า 3⁄4 ของ ภาชนะบรรจุ
[IC/07.01] เครื่องมือ แพทย์ ติด มา กับ ผ้า ที่ ส่ง ซัก
[IC/07.02] ผ้า ไม่ สะอาด
[IC/08] ของ มี คม ปะปน ทิ้ง รวม กับ เครื่องมือ แพทย์ ที่ ใช้ แล้ว
[IC/08.01] พบ ใบ มีด เข็ม เย็บ แผล ติด มา กับ เครื่องมือ แพทย์ ที่ ใช้ แล้ว
[IC/08.02] ใบ มีด / ของ มีค มติ ด ไป กับ เครื่องมือ ส่ง ล้าง
[IC/09.01] ผู้ ป่วย วัณโรค ไม่ ได้ คัด กรอง ที่ จุด แยก โรค
[IC/16] ระบุ ราย ละเอียด ของ การ ทํา ปราศจาก เชื้อ ผิด พลาด",Many-to-1,ชื่อเดิมถูกรวมเข้าสู่รหัสมาตรฐานใหม่ตามความหมายและขั้นตอนบริการที่ใกล้เคียงที่สุด
CPI205,เกิดการติดเชื้อในกระแสโลหิตจากการสอดใส่สายสวนทาง หลอดเลือดดําส่วนปลาย (Peripheral Line Associated Bloodstream -PLABSI),[IC/01.01] การ อักเสบ ของ หลอดเลือด ดํา (Phlebitis),1-to-Many,Phlebitis ไม่เท่ากับ PLABSI ทุกกรณี ต้องแยกการอักเสบจากการติดเชื้อกระแสเลือด
CPI301,การเกิดระบาดโรคอุบัติใหม่ อุบัติซ้ํา,"[IC/12] เกิด โรค ระบาด / โรค ติด เชื้อ แพร่ กระจาย ใน โรง พยาบาล
[IC/12.01] เกิด การ แพร่ กระจาย เชื้อ อุบัติ ใหม่ หรือ เชื้อ ดื้อยา ใน โรง พยาบาล",Many-to-1,ชื่อเดิมถูกรวมเข้าสู่รหัสมาตรฐานใหม่ตามความหมายและขั้นตอนบริการที่ใกล้เคียงที่สุด
CPI401,การเกิดการติดเชื้อดื้อยา,"[IC/12.01] เกิด การ แพร่ กระจาย เชื้อ อุบัติ ใหม่ หรือ เชื้อ ดื้อยา ใน โรง พยาบาล
[PT/25.01] ผู้ ป่วย วัณโรค ดื้อยา",Many-to-1,ชื่อเดิมถูกรวมเข้าสู่รหัสมาตรฐานใหม่ตามความหมายและขั้นตอนบริการที่ใกล้เคียงที่สุด
CPL101,ท่อ เลื่อนหลุดเกิด re-intubation,[PT/12.06] ใส่ ท่อ ช่วย หายใจ มาก กว่า 2 ครั้ง,1-to-Many,หัวข้อเดิมกล่าวถึงการใส่ท่อซ้ำ ต้องยืนยันว่าเกิดจากท่อเลื่อนหลุด
CPL102,"Mis-connect, Dis-connect",[เป็นความเสี่ยงใหม่ ไม่พบในระบบเก่า],No Match,ไม่พบหัวข้อเดิมที่มีความหมายเฉพาะตรงกับมาตรฐานใหม่ ควรเริ่มใช้รหัสนี้กับเหตุการณ์ใหม่และทบทวนย้อนหลังเป็นรายเหตุการณ์หากจำเป็น
CPL103,ความคลาดเคลื่อนการให้สารน้ําจากการใช้ Infusion pump,"[PT/36.03] ให้ สาร น้ํา ใน อัตราเร็ว ที่ ผิด
[PTC6/08] Administrative error ให้ ยา ใน อัตราเร็ว ที่ ผิด",Many-to-1,ชื่อเดิมถูกรวมเข้าสู่รหัสมาตรฐานใหม่ตามความหมายและขั้นตอนบริการที่ใกล้เคียงที่สุด
CPL201,ผลการตรวจวิเคราะห์ทางห้องปฏิบัติการผิดพลาด ล่าช้า หรือไม่สามารถปฏิบัติการตรวจวิเคราะห์ได้,"[PT/31] การ รายงาน ผล การ ตรวจ วิเคราะห์ ผิด พลาด
[PT/31.01] รายงาน ผล สิ่ง ส่ง ตรวจ ผู้ ป่วย ผิด พลาด
[PT/31.03] การ รายงาน ผล การ ตรวจ ล่า ช้า ผู้ ป่วย รอ นาน
[PT/31.04] รายงาน ผล แล ป ฉุกเฉิน ล่า ช้า
[PT/31.05] ผล IQC ไม่ ผ่าน เกณฑ์ ที่ ยอม รับ ได้
[PT/31.06] ผล EQA ไม่ ผ่าน เกณฑ์ ที่ ยอม รับ ได้
[PT/31.07] การ ตรวจ วิเคราะห์ ไม่ สามารถ เปิด ให้ บริการ ได้
[PT/31.08] น้ํายา หมด ไม่ พร้อม ใช้ งาน",Many-to-1,ชื่อเดิมถูกรวมเข้าสู่รหัสมาตรฐานใหม่ตามความหมายและขั้นตอนบริการที่ใกล้เคียงที่สุด
CPM101,แพ้ยาซ้ํา,"[PTC1/02] Prescribing error สั่ง ยา ซ้ําซ้อน
[PTC1/02] Prescribing error สั่ง ยา ที่ ผู้ ป่วย มี ประวัติ แพ้ ยา (ยกเว้น กรณี ที่ แพทย์ rechallenge)
[PTC3/06] Dispensing error จ่าย ยา ผิด รูป แบบ
[PTC3/06] Dispensing error จ่าย ยา ที่ ผู้ ป่วย มี ประวัติ แพ้ (ยกเว้น กรณี ที่ แพทย์ rechallenge)
[PTC6/15] Administrative error ให้ ยา แก่ ผู้ ป่วย ที่ ทราบ ว่า แพ้ ยา (ยกเว้น กรณี ที่ แพทย์ rechallenge)
[PTC8/03] ผู้ ป่วย ที่ สงสัย แพ้ ยา ไม่ ได้ รับ การ ประเมิน โดย เภสัชกร
[PTC8/04] จุด บริการ ต่างๆ ไม่ ได้ สอบ ถาม ประวัติ แพ้ ยา โปรแกรม หัวข้อ ความ เสี่ยง 6. โปรแกรม ความปลอดภัย ใน การ ดูแลรักษา ผู้ ป่วย (PCT) 6. โปรแกรม ความปลอดภัย ใน การ ดูแลรักษา ผู้ ป่วย (PCT)",Many-to-1,ชื่อเดิมถูกรวมเข้าสู่รหัสมาตรฐานใหม่ตามความหมายและขั้นตอนบริการที่ใกล้เคียงที่สุด
CPM102,ไม่มี/ไม่ปฏิบัติตาม Guideline ของการใช้ High Alert Drug,[PTC6/17] Administrative error ไม่ ลง บันทึก การ ให้ ยาค วาม เสี่ยง สูง,1-to-Many,ข้อมูลเดิมสะท้อนการไม่บันทึก HAD; ควรยืนยันว่ามี/ปฏิบัติตาม guideline หรือไม่
CPM103,ผู้ป่วยมีภาวะแทรกซ้อนที่ป้องกันได้จากการได้รับยาความ เสี่ยงสูง,[เป็นความเสี่ยงใหม่ ไม่พบในระบบเก่า],No Match,ไม่พบหัวข้อเดิมที่มีความหมายเฉพาะตรงกับมาตรฐานใหม่ ควรเริ่มใช้รหัสนี้กับเหตุการณ์ใหม่และทบทวนย้อนหลังเป็นรายเหตุการณ์หากจำเป็น
CPL202,สิ่งส่งตรวจไม่ถูกต้อง ไม่เหมาะสม หรือไม่มีสิ่งส่งตรวจ,"[PT/30.02] รับ Lab ไม่ ถูก ต้อง ตาม รายการ ตรวจ ที่ ติด ที่ ภาชนะ เก็บ สิ่ง ส่ง ตรวจ
[PT/30.03] ติด สติ๊ก เกอร์ ผิด ภาชนะ
[PT/30.04] สิ่ง ส่ง ตรวจ เสียหาย / สูญ หาย
[PT/30.06] การ เก็บ สิ่ง ส่ง ตรวจ ไม่ เหมาะสม ไม่ ถูก ต้อง ไม่ มี คุณภาพ เลือด Clot
[PT/30.08] สิ่ง ส่ง ตรวจ ไม่ เพียงพอ
[PT/30.09] การ ส่ง specimen ไม่ ครบ
[PT/30.10] ขอ เจาะ เลือด ใหม่ / ขอ เจาะ เลือด ซ้ํา
[PT/30.11] ไม่ ติด สติ๊ก เก อร์บน ภาชนะ ที่ เก็บ สิ่ง ส่ง ตรวจ
[PT/30.12] สิ่ง ส่ง ตรวจ เสียหาย / สูญ หาย
[PT/30.13] ไม่ เขียน ชื่อ ผู้ ป่วย ใน ใบสั่ง แล ป 6. โปรแกรม ความปลอดภัย ใน การ ดูแลรักษา ผู้ ป่วย (PCT)",Many-to-1,ชื่อเดิมถูกรวมเข้าสู่รหัสมาตรฐานใหม่ตามความหมายและขั้นตอนบริการที่ใกล้เคียงที่สุด
CPL203,เตรียมตรวจ/ตรวจทางรังสีผิดพลาด (เช่น ผิดประเภท/ผิด คําสั่ง/ผิดตําแหน่ง/ผิดข้าง/ผิดเทคนิคการตรวจ),"[PT/19.02] เอกซเรย์ ผู้ ป่วย ตั้ง ครรภ์ โดย ไม่ ทราบ ประวัติการ ตั้ง ครรภ์
[PT/34.01] สั่ง รายการ เอกซเรย์ ผู้ ป่วย ผิด ข้าง ผิด อวัยวะ
[PT/34.02] ถ่าย เอกซเรย์ ผู้ ป่วย ผิด ข้าง ผิด อวัยวะ",Many-to-1,ชื่อเดิมถูกรวมเข้าสู่รหัสมาตรฐานใหม่ตามความหมายและขั้นตอนบริการที่ใกล้เคียงที่สุด
CPM107,ผู้ป่วยได้รับยาที่มีคู่ยาปฏิกิริยารุนแรง,"[PTC1/04.03] Prescribing error สั่ง ยา ที่ มี DI ต่อ กัน หรือ ต่อ ยา เดิม ของ ผู้ ป่วย
[PTC3/11] Dispensing error จ่าย ยา ที่ มี ปฏิกิริยา ต่อ กัน",Many-to-1,ชื่อเดิมถูกรวมเข้าสู่รหัสมาตรฐานใหม่ตามความหมายและขั้นตอนบริการที่ใกล้เคียงที่สุด
CPM104,Mis selection of a strong potassium containing solution***,[เป็นความเสี่ยงใหม่ ไม่พบในระบบเก่า],No Match,ไม่พบหัวข้อเดิมที่มีความหมายเฉพาะตรงกับมาตรฐานใหม่ ควรเริ่มใช้รหัสนี้กับเหตุการณ์ใหม่และทบทวนย้อนหลังเป็นรายเหตุการณ์หากจำเป็น
CPM105,แพ้ยา (ยกเว้น แพ้ยาซ้ํา)/ADE: Adverse Drug Events ที่ มีความรุนแรงระดับ E ขึ้นไป,"[PT/37] การ แพ้ ยา รุนแรง
[PT/37.01] การ แพ้ ยา รุนแรง แบบ Anaphylaxis
[PT/37.02] การ แพ้ ยา รุนแรง แบบ Steven Jensen’s syndrome",Many-to-1,ชื่อเดิมถูกรวมเข้าสู่รหัสมาตรฐานใหม่ตามความหมายและขั้นตอนบริการที่ใกล้เคียงที่สุด
CPM106,ไม่มี/ไม่ปฏิบัติตาม Guideline ของการใช้ Fatal Drug,[เป็นความเสี่ยงใหม่ ไม่พบในระบบเก่า],No Match,ไม่พบหัวข้อเดิมที่มีความหมายเฉพาะตรงกับมาตรฐานใหม่ ควรเริ่มใช้รหัสนี้กับเหตุการณ์ใหม่และทบทวนย้อนหลังเป็นรายเหตุการณ์หากจำเป็น
CPM201,Medication error : Prescribing (เกิดข้อผิดพลาด/ อุบัติการณ์ในขั้นตอนการสั่งใช้ยา),"[PTC1] Prescribing Error (ความคลาด เคลื่อน ใน การ สั่ง ใช้ ยา)
[PTC1/02] Prescribing error สั่ง ยา ซ้ําซ้อน
[PTC1/02] Prescribing error สั่ง ยา ที่ ผู้ ป่วย มี ประวัติ แพ้ ยา (ยกเว้น กรณี ที่ แพทย์ rechallenge)
[PTC1/03] Prescribing error สั่ง ยา ที่ มี วิธีการ ใช้ ยา ไม่ เหมาะสม / ผิด พลาด/ ไม่ ระบุ วิธี ใช้
[PTC1/03.01] Prescribing error สั่ง ยา ด้วย วิธี ใช้ ที่ ไม่ เหมาะสม
[PTC1/03.02] Prescribing error สั่ง ยา ผิด วิธี บริหาร ยา
[PTC1/03.03] Prescribing error สั่ง ยา ผิด ชนิด
[PTC1/03.04] Prescribing error สั่ง ใช้ ยา ไม่ ครบถ้วน (ไม่ ระบุ ความ แรง, วิธี ใช้, จํานวน )
[PTC1/03.05] Prescribing error เขียน คําสั่ง ใช้ ยา ไม่ ชัดเจน
[PTC1/03.06] Prescribing error สั่ง ยา ผิด รูป แบบ (PO ,IV,IM)
[PTC1/03.06] Prescribing error ไม่ ได้ สั่ง ยา ใน ระบบ 5. โปรแกรม ความ ปลอดภัยด้าน ยา (PTC) 5. โปรแกรม ความ ปลอดภัยด้าน ยา (PTC)
[PTC1/04] Prescribing error สั่ง ยา ไม่ เหมาะสม
[PTC1/04.01] Prescribing error สั่ง ใช้ ยา ที่ มี ข้อ ห้าม ใช้ กับ ผู้ ป่วย
[PTC1/04.02] Prescribing error สั่ง ใช้ ยา ที่ ไม่ มี ข้อ บ่ง ใช้
[PTC1/04.03] Prescribing error สั่ง ยา ที่ มี DI ต่อ กัน หรือ ต่อ ยา เดิม ของ ผู้ ป่วย
[PTC1/05] Prescribing error สั่ง ยา ผิด ขนาด / ความ แรง
[PTC1/06] Prescribing error สั่ง ยา ผิด จํานวน
[PTC1/07] Prescribing error สั่ง ยา ผิด คน",Many-to-1,รวบรวมความคลาดเคลื่อนขั้นตอนสั่งใช้ยาทั้งหมด
CPM202,Medication error : Transcribing (เกิดข้อผิดพลาด/ อุบัติการณ์ในขั้นตอนการคัดลอกยา),"[PTC5/01] Transcribing คัด ลอก / พิมพ์ ยา ผิด ชนิด
[PTC5/02] Transcribing error คัด ลอก / พิมพ์ คําสั่ง ผิด ขนาด / ความ แรง
[PTC5/03] Transcribing error คัด ลอก / พิมพ์ คําสั่ง ผิด จํานวน
[PTC5/04] Transcribing error คัด ลอก / พิมพ์ คําสั่ง ยา ผิด คน
[PTC5/05] Transcribing error คัด ลอก / พิมพ์ วิธี ใช้ ผิด
[PTC5/06] Transcribing error คัด ลอก / พิมพ์ order แพทย์ ไม่ ครบถ้วน หรือ คําสั่ง ยา ที่ แพทย์ Off แล้ว
[PTC5/07] Transcribing คัด ลอก / พิมพ์ ยา ผิด รูป แบบ",Many-to-1,รวบรวมความคลาดเคลื่อนขั้นตอนคัดลอก/พิมพ์คำสั่งยา
CPM203,Medication error : Pre-dispensing (เกิดข้อผิดพลาด/ อุบัติการณ์ในขั้นตอนการจัดเตรียมจ่ายยา),"[PTC2/01] Pre-dispensing error จัด ชนิด/ รูป แบบ ยาไม่ ถูก ต้อง
[PTC2/02] Pre-dispensing error จัด ยา ผิด ขนาด / ความ แรง
[PTC2/03] Pre-dispensing error จัด จํานวน ยา ไม่ ถูก ต้อง
[PTC2/04] Pre-dispensing error จัด รายการ ยาไม่ ถูก ต้อง /ไม่ ครบ รายการ ตาม ที่ แพทย์ สั่ง
[PTC2/05] Pre-dispensing error บรรจุ ภัณฑ์ ไม่ เหมาะสม / มี ราย ละเอียด ไม่ ครบ
[PTC2/06] Pre-dispensing error จัด ยา ผิด คน
[PTC2/07] Pre-dispensing error จัด ยา หมดอายุ, เสื่อม สภาพ
[PTC2/08] Pre-dispensing error จัด ยา ผิด รูป แบบ",Many-to-1,รวบรวมความคลาดเคลื่อนก่อนจ่ายยา
CPM204,Medication error : Dispensing (เกิดข้อผิดพลาด/ อุบัติการณ์ในขั้นตอนการจ่ายยา),"[PTC3] Dispensing error (ความคลาด เคลื่อน ใน การ จ่าย ยา)
[PTC3] ./12 Dispensing error จ่าย ยา ที่ ผู้ ป่วย มี ข้อ ห้าม ใช้
[PTC3/01] Dispensing error จ่าย ยา ผิด ชนิด
[PTC3/02] Dispensing error จ่าย ยา ผิด ขนาด / ผิด ความ แรง
[PTC3/03] Dispensing error จ่าย ยา ผิด จํานวน
[PTC3/04] Dispensing error จ่าย ยา ผิด คน
[PTC3/05] Dispensing error จ่าย ยา ผิด ความถี่
[PTC3/06] Dispensing error จ่าย ยา ผิด รูป แบบ
[PTC3/06] Dispensing error จ่าย ยา ที่ ผู้ ป่วย มี ประวัติ แพ้ (ยกเว้น กรณี ที่ แพทย์ rechallenge)
[PTC3/07] Dispensing error จ่าย ยา หมดอายุ / เสื่อม สภาพ
[PTC3/08] Dispensing error จ่าย ยา ที่ ไม่ มี คําสั่ง ใช้ ยา
[PTC3/09] Dispensing error จ่าย ยา ที่ มี ฉลาก ไม่ สมบูรณ์
[PTC3/10] Dispensing error จ่าย ยา ไม่ ครบ รายการ ตาม แพทย์ สั่ง
[PTC3/11] Dispensing error จ่าย ยา ที่ มี ปฏิกิริยา ต่อ กัน
[PTC3/13] Dispensing error จ่าย ยา โดย ไม่ ตรวจ สอบ ความ เหมาะสม
[PTC3/14] Dispensing error จ่าย ยา ซ้ําซ้อน
[PTC3/15] Dispensing error ไม่ ได้ จ่าย ยา ให้ ผู้ ป่วย",Many-to-1,รวบรวมความคลาดเคลื่อนขั้นตอนจ่ายยา
CPM205,Medication error : Administration (เกิดข้อผิดพลาด/ อุบัติการณ์ในขั้นตอนการให้ยา),"[PTC4/01] Pre-Administrative error จัด ยา ผิด ขนาด / ความ แรง
[PTC4/02] Pre-Administrative error จัด ยา ผิด ชนิด / ผิด รูป แบบ
[PTC4/03] Pre-Administrative error จัด ยา ผิด จํานวน
[PTC4/04] Pre-Administrative error จัด ยา ผิด คน
[PTC4/05] Pre-Administrative error จัด ยา ไม่ ครบ รายการ ตาม ที่ แพทย์ สั่ง
[PTC4/06] Pre-Administrative error จัด ยา หมดอายุ, เสื่อม สภาพ
[PTC4/07] Pre-Administrative error จัด ยา ผิด รูป แบบ
[PTC6] Administrative error ความคลาด เคลื่อน จาก การ บริหาร ยา
[PTC6/01] Administrative error ให้ ยา ผิด ขนาด / ความ แรง
[PTC6/02] Administrative error ให้ ยา ผิด ชนิด
[PTC6/03] Administrative error ให้ ยา ผิด รูป แบบ (PO,IV,IM,Push,Drip)
[PTC6/04] Administrative error ให้ ยา ผิด ความ เข้มข้น
[PTC6/05] Administrative error ให้ ยา ผิด จํานวน
[PTC6/06] Administrative error ให้ ยา ผิด คน
[PTC6/07] Administrative error ให้ ยา ผิด ความถี่
[PTC6/08] Administrative error ให้ ยา ใน อัตราเร็ว ที่ ผิด
[PTC6/09] Administrative error ให้ ยา ผิด เวลา
[PTC6/10] Administrative error ให้ ยา ที่ หมดอายุ
[PTC6/11] Administrative error ให้ ยา ที่ ไม่ มี คําสั่ง ใช้ ยา
[PTC6/12] Administrative error ผู้ ป่วย ไม่ ได้ รับ ยา stat ใน เวลา ที่ กําหนด
[PTC6/13] Administrative error ใช้ สาร น้ํา ไม่ เหมาะสม กับ ยา
[PTC6/14] Administrative error ไม่ ได้ ให้ ยา ผู้ ป่วย
[PTC6/15] Administrative error ให้ ยา แก่ ผู้ ป่วย ที่ ทราบ ว่า แพ้ ยา (ยกเว้น กรณี ที่ แพทย์ rechallenge)
[PTC6/16] Administrative error ให้ ยา ทั้งที่ มี ข้อ ห้าม
[PTC6/17] Administrative error ไม่ ลง บันทึก การ ให้ ยาค วาม เสี่ยง สูง
[PTC6/18] Administrative error ไม่ ลง บันทึก การ ให้ ยา 5. โปรแกรม ความ ปลอดภัยด้าน ยา (PTC)
[PT/36] การ ให้ สาร น้ํา ผิด ชนิด
[PT/36.02] ให้ สาร น้ํา ผิด ชนิด",Many-to-1,รวม pre-administration และ administration ตามกระบวนการใหม่
CPM206,ไม่มี/ไม่ปฏิบัติตาม Guideline เกี่ยวกับ Look-Alike Sound-Alike Medication Names,[เป็นความเสี่ยงใหม่ ไม่พบในระบบเก่า],No Match,ไม่พบหัวข้อเดิมที่มีความหมายเฉพาะตรงกับมาตรฐานใหม่ ควรเริ่มใช้รหัสนี้กับเหตุการณ์ใหม่และทบทวนย้อนหลังเป็นรายเหตุการณ์หากจำเป็น
CPM207,ผู้ป่วยได้รับยา ในกลุ่ม Look-Alike Sound-Alike Medication Names,[เป็นความเสี่ยงใหม่ ไม่พบในระบบเก่า],No Match,ไม่พบหัวข้อเดิมที่มีความหมายเฉพาะตรงกับมาตรฐานใหม่ ควรเริ่มใช้รหัสนี้กับเหตุการณ์ใหม่และทบทวนย้อนหลังเป็นรายเหตุการณ์หากจำเป็น
CPM208,"ไม่มี/ไม่ปฏิบัติตามมาตรฐาน หรือ Guideline ของการใช้ยา ยกเว้น HAD, Fatal drug, Look-Alike Sound-Alike, Antibiotics","[PT/14] เจ้าหน้าที่ ไม่ ปฏิบัติ ตาม แนวทาง ใน การ ดูแล รักษา โรค
[PT/14.01] ไม่ ปฏิบัติ ตาม มาตรฐาน ที่ กําหนด ใน การ ดูแล ผู้ ป่วย
[IC/11] ไม่ ระบุ วัน หมดอายุ ข้าง ฉลาก ยา, สาร น้ํา ที่ เปิด ใช้",Many-to-1,รหัสเดิมเป็น guideline การดูแลโดยรวม ต้องยืนยันว่าเหตุเกี่ยวกับยา
CPM301,ไม่มี/ไม่ปฏิบัติตาม Guideline เกี่ยวกับ Medication Reconciliation,[เป็นความเสี่ยงใหม่ ไม่พบในระบบเก่า],No Match,ไม่พบหัวข้อเดิมที่มีความหมายเฉพาะตรงกับมาตรฐานใหม่ ควรเริ่มใช้รหัสนี้กับเหตุการณ์ใหม่และทบทวนย้อนหลังเป็นรายเหตุการณ์หากจำเป็น
CPM302,ผู้ป่วยไม่ได้รับยาเดิมต่อเนื่องจากไม่ได้ทํา Medication Reconciliation,[เป็นความเสี่ยงใหม่ ไม่พบในระบบเก่า],No Match,ไม่พบหัวข้อเดิมที่มีความหมายเฉพาะตรงกับมาตรฐานใหม่ ควรเริ่มใช้รหัสนี้กับเหตุการณ์ใหม่และทบทวนย้อนหลังเป็นรายเหตุการณ์หากจำเป็น
CPM304,ผู้ป่วยได้รับยาที่มีปฏิกิริยากันโดยไม่ได้ทํา Medication Reconciliation,[เป็นความเสี่ยงใหม่ ไม่พบในระบบเก่า],No Match,ไม่พบหัวข้อเดิมที่มีความหมายเฉพาะตรงกับมาตรฐานใหม่ ควรเริ่มใช้รหัสนี้กับเหตุการณ์ใหม่และทบทวนย้อนหลังเป็นรายเหตุการณ์หากจำเป็น
CPM401,ไม่มี/ไม่ปฏิบัติตาม Guideline เกี่ยวกับ Rational Drug Use,[เป็นความเสี่ยงใหม่ ไม่พบในระบบเก่า],No Match,ไม่พบหัวข้อเดิมที่มีความหมายเฉพาะตรงกับมาตรฐานใหม่ ควรเริ่มใช้รหัสนี้กับเหตุการณ์ใหม่และทบทวนย้อนหลังเป็นรายเหตุการณ์หากจำเป็น
CPM402,การใช้ยาปฏิชีวนะในโรคติดเชื้อที่ระบบการหายใจช่วงบน และหลอดลมอักเสบเฉียบพลันในผู้ป่วยนอก,[เป็นความเสี่ยงใหม่ ไม่พบในระบบเก่า],No Match,ไม่พบหัวข้อเดิมที่มีความหมายเฉพาะตรงกับมาตรฐานใหม่ ควรเริ่มใช้รหัสนี้กับเหตุการณ์ใหม่และทบทวนย้อนหลังเป็นรายเหตุการณ์หากจำเป็น
CPM303,ผู้ป่วยได้รับยาซ้ําซ้อนจากไม่ได้ทํา Medication Reconciliation,[เป็นความเสี่ยงใหม่ ไม่พบในระบบเก่า],No Match,ไม่พบหัวข้อเดิมที่มีความหมายเฉพาะตรงกับมาตรฐานใหม่ ควรเริ่มใช้รหัสนี้กับเหตุการณ์ใหม่และทบทวนย้อนหลังเป็นรายเหตุการณ์หากจำเป็น
CPM403,การใช้ยาปฏิชีวนะในโรคอุจจาระร่วงเฉียบพลัน,[เป็นความเสี่ยงใหม่ ไม่พบในระบบเก่า],No Match,ไม่พบหัวข้อเดิมที่มีความหมายเฉพาะตรงกับมาตรฐานใหม่ ควรเริ่มใช้รหัสนี้กับเหตุการณ์ใหม่และทบทวนย้อนหลังเป็นรายเหตุการณ์หากจำเป็น
CPM502,การมีปฏิกิริยาจากการได้รับเลือด (Transfusion reaction)**,[PT/16.04] เกิด ปฏิกิริยา จาก การ ให้ เลือด,1-to-1,ชื่อเดิมถูกรวมเข้าสู่รหัสมาตรฐานใหม่ตามความหมายและขั้นตอนบริการที่ใกล้เคียงที่สุด
CPM404,การใช้ยาอย่างไม่สมเหตุผล (ยกเว้นยาปฏิชีวนะ),[เป็นความเสี่ยงใหม่ ไม่พบในระบบเก่า],No Match,ไม่พบหัวข้อเดิมที่มีความหมายเฉพาะตรงกับมาตรฐานใหม่ ควรเริ่มใช้รหัสนี้กับเหตุการณ์ใหม่และทบทวนย้อนหลังเป็นรายเหตุการณ์หากจำเป็น
CPM501,"การให้เลือดผิด (Incorrect blood component transfused, IBCT หรือ Wrong blood transfused)","[PT/01.13] ให้ เลือด ผิด คน
[PT/01.14] จ่าย เลือด ผิด คน
[PT/16] การ ให้ เลือด ผิด พลาด
[PT/16.01] ให้ เลือด ผิด หมู่
[PT/16.02] จ่าย เลือด ผิด ชนิด / ผิด หมู่
[PT/16.03] ระบุ หมู่ เลือด / ชื่อ ผู้ ป่วย /HN ไม่ ตรง",Many-to-1,ชื่อเดิมถูกรวมเข้าสู่รหัสมาตรฐานใหม่ตามความหมายและขั้นตอนบริการที่ใกล้เคียงที่สุด
CPP101,Patient Identification,"[PT/01] การ ระบุ ตัวผู้ ป่วย ผิด คน (การ ดูแล รักษา ผู้ ป่วย)
[PT/01.01] เปิด บัตร ผิด คน
[PT/01.02] สั่ง รายการ เอกซเรย์ ผู้ ป่วย ผิด คน
[PT/01.03] เอกซเรย์ ผู้ ป่วย ผิด คน
[PT/01.04] การ สั่ง / ส่ง ตรวจ ทาง ห้อง ปฏิบัติการ / การ ส่ง ทํา หัตถการ ผิด คน
[PT/01.05] เรียก ผู้ ป่วย เข้า ห้อง ตรวจ / รับ ยา ผิด คน
[PT/01.06] ให้ อาหาร ผู้ ป่วย ผิด เตียง / คน
[PT/01.07] เขียน ชื่อ / ไรท์ (Write) แผ่น ซี ดี ภาพ เอกซเรย์ ผู้ ป่วย ผิด คน 6. โปรแกรม ความปลอดภัย ใน การ ดูแลรักษา ผู้ ป่วย (PCT)
[PT/01.08] ส่ง ตรวจ ทาง ห้อง ปฏิบัติการ ผิด คน
[PT/01.09] เจาะ เลือด ผู้ ป่วย ผิด คน
[PT/01.10] ติด สติ๊ก เก อร์ผิด คน
[PT/01.11] นัด ผู้ ป่วย ผิด คน
[PT/01.12] รายงาน ผล แล ป ผู้ ป่วย ผิด คน
[PT/01.13] ให้ เลือด ผิด คน
[PT/01.14] จ่าย เลือด ผิด คน
[PT/01.15] การ ลง ข้อมูล ประวัติการ รักษา ผิด คน
[PT/01.16] ให้ สาร น้ํา ผิด คน
[PT/01.17] ใบ visit ผิด คน
[PT/01.18] ส แกน เอกสาร ผิด คน
[IM/02] ประวัติ ส่วนตัว ผู้ ป่วย คลาดเคลื่อน
[IM/04] ส่ง ชื่อ ผู้ ป่วย ผิด แผนก
[IM/04.03] ส่ง ชื่อ ผู้ ป่วย ผิด แผนก (ยกเลิก ใช้)
[PTC8/02] ให้ ใบสั่ง ยา ผู้ ป่วย ผิด คน",Many-to-1,รวมความผิดพลาดการระบุตัวผู้ป่วยทุกจุดบริการ
CPP201,การรายงานอาการ หรือสื่อสารข้อมูลเกี่ยวกับผู้ป่วยไม่ เหมาะสม/ไม่ครบถ้วน,"[PT/09] การ สื่อสาร ใน การ ทํา หัตถการ ให้ ผู้ ป่วย ผิด พลาด
[PT/14.02] ไม่ รายงาน แพทย์ เมื่อ ผู้ ป่วย มี อาการ เปลี่ยนแปลง / หรือ มี เหตุ สมควร",Many-to-1,ชื่อเดิมถูกรวมเข้าสู่รหัสมาตรฐานใหม่ตามความหมายและขั้นตอนบริการที่ใกล้เคียงที่สุด
CPP202,การสื่อสารเพื่อการส่งตรวจหรือการรักษาทางรังสีวิทยา ผิดพลาด/ไม่ครบถ้วน,[PT/34.01] สั่ง รายการ เอกซเรย์ ผู้ ป่วย ผิด ข้าง ผิด อวัยวะ,1-to-Many,รหัสเดิมครอบคลุมทั้งคำสั่งและตำแหน่งตรวจ ต้องแยกสาเหตุด้านการสื่อสาร
CPP203,การสื่อสารเพื่อการส่งตรวจทางห้องปฏิบัติการผิดพลาด/ไม่ ครบถ้วน,"[PT/30.01] สั่ง Lab ไม่ ถูก ต้อง และ ไม่ ครบถ้วน
[PT/30.13] ไม่ เขียน ชื่อ ผู้ ป่วย ใน ใบสั่ง แล ป 6. โปรแกรม ความปลอดภัย ใน การ ดูแลรักษา ผู้ ป่วย (PCT)",Many-to-1,ชื่อเดิมถูกรวมเข้าสู่รหัสมาตรฐานใหม่ตามความหมายและขั้นตอนบริการที่ใกล้เคียงที่สุด
CPP204,การสื่อสารหรือส่งต่อข้อมูลการรักษาพยาบาลผู้ป่วยผิดพลาด,"[PT/04.02] ปัญหา การ ประสานงา น ใน การ ส่ง ต่อ ผู้ ป่วย ระหว่าง หน ว ยงาน
[PT/04.03] รับ- ส่ง ต่อ จาก รพ. สต หรือ ตํารวจ กู้ภัย ไม่ ถูก วิธี ตาม แนวทาง การ ดูแล ผู้ ป่วย
[PT/04.04] การ ส่ง ต่อ ผู้ ป่วย จาก โรง พยาบาล กลับ ไป รักษา ต่อ เนื่อง ที่ รพ. สต. ใน เครือ ข่าย ไม่ เป็น ไป ตาม แนวทาง การ ส่ง ต่อ
[PT/04] การ รับ ส่ง ผู้ ป่วย ไม่ ถูก ต้อง",Many-to-1,ชื่อเดิมถูกรวมเข้าสู่รหัสมาตรฐานใหม่ตามความหมายและขั้นตอนบริการที่ใกล้เคียงที่สุด
CPP205,ไม่รายงาน Critical Test Results หรือรายงานล่าช้า,"[PT/31.02] ไม่ รายงาน ค่า วิกฤติ
[PT/31.04] รายงาน ผล แล ป ฉุกเฉิน ล่า ช้า
[PT/31.09] รายงาน ค่า วิกฤติ ผิด แผนก",Many-to-1,ชื่อเดิมถูกรวมเข้าสู่รหัสมาตรฐานใหม่ตามความหมายและขั้นตอนบริการที่ใกล้เคียงที่สุด
CPP206,เกิดความผิดพลาดในการรักษาพยาบาลซึ่งมีสาเหตุมาจาก Verbal or Telephone Order/Communication,[เป็นความเสี่ยงใหม่ ไม่พบในระบบเก่า],No Match,ไม่พบหัวข้อเดิมที่มีความหมายเฉพาะตรงกับมาตรฐานใหม่ ควรเริ่มใช้รหัสนี้กับเหตุการณ์ใหม่และทบทวนย้อนหลังเป็นรายเหตุการณ์หากจำเป็น
CPP207,เกิดความผิดพลาดจากการใช้สื่อในกระบวนการ รักษาพยาบาล เช่น ใช้คําย่อ/ชื่อย่อ/สัญลักษณ์ที่ไม่เป็นสากล,[เป็นความเสี่ยงใหม่ ไม่พบในระบบเก่า],No Match,ไม่พบหัวข้อเดิมที่มีความหมายเฉพาะตรงกับมาตรฐานใหม่ ควรเริ่มใช้รหัสนี้กับเหตุการณ์ใหม่และทบทวนย้อนหลังเป็นรายเหตุการณ์หากจำเป็น
CPP301,Misdiagnosis or delay diagnosis,"[PT/21] การ วินิจฉัย โรค ผิด พลาด / ไม่ ชัดเจน / ล่า ช้า
[PT/21.01] การ วินิจฉัย โรค ล่า ช้า / ไม่ ถูก ต้อง
[PT/21.02] ทารก แฝด ที่ ไม่ ได้ รับ การ วินิจฉัย ขณะ ตั้ง ครรภ์ / วินิจฉัย ท่า เด็ก ไม่ ถูก ต้อง",Many-to-1,ชื่อเดิมถูกรวมเข้าสู่รหัสมาตรฐานใหม่ตามความหมายและขั้นตอนบริการที่ใกล้เคียงที่สุด
CPP304,(Planning of Care) ผู้ป่วยไม่ได้รับการวางแผนดูแล/ วางแผนไม่ครอบคลุม หรือวางแผนผิดไปจากพยาธิสภาพ/ สภาวะของโรค,"[PT/14] เจ้าหน้าที่ ไม่ ปฏิบัติ ตาม แนวทาง ใน การ ดูแล รักษา โรค
[PT/14.01] ไม่ ปฏิบัติ ตาม มาตรฐาน ที่ กําหนด ใน การ ดูแล ผู้ ป่วย",Many-to-1,ชื่อเดิมถูกรวมเข้าสู่รหัสมาตรฐานใหม่ตามความหมายและขั้นตอนบริการที่ใกล้เคียงที่สุด
CPP305,(Discharge Planning) ผู้ป่วยกลุ่มโรคจําเป็นไม่ได้รับการ วางแผนจําหน่าย/วางแผนไม่ครอบคลุม ตามเกณฑ์ หรือ ประเด็น,"[PT/39] Re-admit IPD ภายใน 28 วัน ด้วย โรค เดิม โดย ไม่ ได้ วาง แผน
[PT/03.01] รักษา ซ้ํา 48 hr. ที่ ER ด้วย โรค เดิม อาการ ทรุด ลง
[PT/03.02] รักษา ซ้ํา 48 hr. ที่ ER ด้วย โรค เดิม อาการ ไม่ ทุเลา
[PT/03.03] รักษา ซ้ํา 48 hr. ที่ ER ด้วย โรค เดิม ญาติ / ผู้ ป่วย กังวล",1-to-Many,Re-admit โดยไม่ได้วางแผนอาจสะท้อน discharge planning ไม่ครบถ้วน ต้องทบทวนเวชระเบียน
CPP306,(Patient Care Delivery) ผู้ป่วยได้รับการดูแลไม่ ครอบคลุม/ไม่เชื่อมโยง/ไม่สอดคล้อง ตามเกณฑ์ อาการ หรือ โรค,"[PT/14.01] ไม่ ปฏิบัติ ตาม มาตรฐาน ที่ กําหนด ใน การ ดูแล ผู้ ป่วย
[PT/32] ผู้ ป่วย เกิด ภาวะ แทรกซ้อน ขึ้น จาก การ รักษา พยาบาล",Many-to-1,ชื่อเดิมถูกรวมเข้าสู่รหัสมาตรฐานใหม่ตามความหมายและขั้นตอนบริการที่ใกล้เคียงที่สุด
CPP302,(Access & Entry) ผู้ป่วยเข้าถึงหรือได้รับบริการ ผิด/ล่าช้า ไปจากเกณฑ์ หรือโรคที่เป็น,"[PT/13] การ ดูแล รักษา ล่า ช้า
[PT/13.01] ระยะ เวลา การ รอ คอย รับ บริการ นาน / เกิน เวลา ที่ กําหนด
[PT/13.02] แพทย์ ออก ตรวจ ล่า ช้า
[PT/13.03] ติดต่อ แพทย์ เวร ไม่ ได้
[PT/18] รพ. แม่ ข่าย ไม่ รับ Refer 6. โปรแกรม ความปลอดภัย ใน การ ดูแลรักษา ผู้ ป่วย (PCT) 6. โปรแกรม ความปลอดภัย ใน การ ดูแลรักษา ผู้ ป่วย (PCT)",Many-to-1,ชื่อเดิมถูกรวมเข้าสู่รหัสมาตรฐานใหม่ตามความหมายและขั้นตอนบริการที่ใกล้เคียงที่สุด
CPP303,(Patient Assessment) ผู้ป่วยไม่ได้รับการประเมิน/ ประเมินผิด/ประเมินไม่ครบถ้วน ตามเกณฑ์ อาการหรือการ ดําเนินโรค,"[PT/19.01] จุด คัด กรอง คัด กรอง ผู้ ป่วย คลาดเคลื่อน
[PT/20] การ ประเมิน และ การ วินิจฉัย / ซัก ประวัติ / การ ตรวจ ร่างกาย ไม่ ครอบ คลุม
[PT/20.01] ไม่ มี การ ประเมิน ผู้ ป่วย
[PT/20.02] ประเมิน ผู้ ป่วย ไม่ ถูก ต้อง",Many-to-1,ชื่อเดิมถูกรวมเข้าสู่รหัสมาตรฐานใหม่ตามความหมายและขั้นตอนบริการที่ใกล้เคียงที่สุด
CPP310,(Information and Empowerment) ข้อมูลการวินิจฉัย/ การดูแลรักษาของผู้ป่วยไม่ได้รับการบันทึกหรือได้รับการ บันทึกไม่ครบถ้วน ไม่ชัดเจน ไม่เชื่อมโยงต่อเนื่อง,"[PT/11] การ ลง ข้อมูล ประวัติการ รักษา ผิด พลาด / ผิด ไม่ ครบถ้วน / ไม่ ถูก ต้อง
[IM/08] เวช ระเบียน ขาด ความ สมบูรณ์ / การ ให้ รหัส โรค และ หัตถการ ไม่ ถูก ต้อง, ไม่ ครบถ้วน",Many-to-1,ชื่อเดิมถูกรวมเข้าสู่รหัสมาตรฐานใหม่ตามความหมายและขั้นตอนบริการที่ใกล้เคียงที่สุด
CPP311,(Continuity of Care) ผู้ป่วยได้รับการดูแลไม่ต่อเนื่อง/ไม่ เชื่อมโยง/ไม่สอดคล้อง กับบริบทและสภาวะของโรค,"[PT/04] การ รับ ส่ง ผู้ ป่วย ไม่ ถูก ต้อง
[PT/04.01] ไม่ X-ray ก่อน ย้าย ผู้ ป่วย เข้า IPD
[PT/04.04] การ ส่ง ต่อ ผู้ ป่วย จาก โรง พยาบาล กลับ ไป รักษา ต่อ เนื่อง ที่ รพ. สต. ใน เครือ ข่าย ไม่ เป็น ไป ตาม แนวทาง การ ส่ง ต่อ
[PT/17] ขาด การ นัด ผู้ ป่วย มา รับ บริการ ผิดนัด
[PT/17.01] การ นัด ผู้ ป่วย ไม่ ถูก ต้อง นัด ผิด วัน / ผิด แผนก
[PT/17.02] ผู้ ป่วย มาตร ว จ ไม่ ตรง นัด / ผิดนัด
[PT/17.03] ผู้ ป่วย ขาด นัด โดย ไม่ สามารถ ติดต่อ ได้
[PT/17.04] ไม่ ออก บัตร นัด ให้ ผู้ ป่วย
[PT/17.05] ผู้ ป่วย ไม่ ผ่าน จุด Post Screen/ Exit nurse หลังจาก ออก ห้อง ตรวจ
[PT/39] Re-admit IPD ภายใน 28 วัน ด้วย โรค เดิม โดย ไม่ ได้ วาง แผน
[PTC8] กระบวนการ ส่ง ต่อ ระบบ ยา ผิด พลาด
[PTC8/01] ส่ง ผู้ ป่วย มา รับ ยา ก่อน จบ กระบวนการ",Many-to-1,ชื่อเดิมถูกรวมเข้าสู่รหัสมาตรฐานใหม่ตามความหมายและขั้นตอนบริการที่ใกล้เคียงที่สุด
CPP307,(Patient Care Delivery) ผู้ป่วยได้รับการทําหัตถการที่มี ความเสี่ยงในสถานการณ์ หรือสถานที่ไม่เหมาะสม,[เป็นความเสี่ยงใหม่ ไม่พบในระบบเก่า],No Match,ไม่พบหัวข้อเดิมที่มีความหมายเฉพาะตรงกับมาตรฐานใหม่ ควรเริ่มใช้รหัสนี้กับเหตุการณ์ใหม่และทบทวนย้อนหลังเป็นรายเหตุการณ์หากจำเป็น
CPP308,(Patient Care Delivery) ผู้ป่วยได้รับอาหารไม่เหมาะสม ตามความต้องการพื้นฐาน หรือข้อบ่งชี้ของโรค/การเจ็บป่วย,"[PT/01.06] ให้ อาหาร ผู้ ป่วย ผิด เตียง / คน
[PT/38] การ ให้ โภช น บําบัด และ โภช นบ ริ การ ผิด พลาด (ให้ อาหาร ผิด พลาด)
[PT/38.01] ผู้ ป่วย ได้ รับ อาหาร ไม่ เหมาะสม / ไม่ ตรง กับ โรค
[PT/38.02] ให้ อาหาร เหลว หรือ ปั้น ผิด ชนิด / ปริมาณ / ความ เข้มข้น
[PT/38.03] ให้ อาหาร ไม่ ตรง เวลา ช่วง เวลา ไม่ เหมาะสม
[PT/38.04] การ สั่ง รายการ อาหาร ล่า ช้า
[IC/14] มี การ ปน เปื้อน ใน อาหาร",Many-to-1,ชื่อเดิมถูกรวมเข้าสู่รหัสมาตรฐานใหม่ตามความหมายและขั้นตอนบริการที่ใกล้เคียงที่สุด
CPP309,(Information and Empowerment) ผู้ป่วย/ครอบครัว ไม่ได้รับข้อมูลเพื่อเสริมพลัง หรือได้รับไม่ชัดเจน/ไม่ต่อเนื่อง/ ไม่เหมาะสม กับการรับรู้หรือมีส่วนร่วม,"[PT/08] ผู้ ป่วย ปฎิเส ธ / ไม่ ยินยอม รับ การ รักษา
[PT/08.03] ผู้ ป่วย ปฏิเสธ การ รักษา
[PT/15] ผู้ ป่วย ถูก ละเมิด สิทธิ ผู้ ป่วย 10 ประการ ตาม ประกาศก ระ ทรวง สาธารณสุข
[PT/15.01] ไม่ ให้ ข้อมูล กับ ผู้ ป่วย ก่อน รักษา / ก่อน ลงชื่อ ยินยอม ไม่ ให้ ผู้ ป่วย / ญาติ เซ็นต์ ใบ ยินยอม การ รักษา
[PT/15.02] ไม่ ให้ ผู้ ป่วย มี โอกาส ตัดสินใจ / เลือก วิธี รักษา
[PT/15.04] ทอดทิ้ง ผู้ ป่วย ที่ ปฏิเสธ การ รักษา
[PT/15.06] การ บันทึก คํา ยินยอม รักษา ไม่ ถูก ต้อง / ไม่ ตรง กับ หัตถการ",Many-to-1,ชื่อเดิมถูกรวมเข้าสู่รหัสมาตรฐานใหม่ตามความหมายและขั้นตอนบริการที่ใกล้เคียงที่สุด
CPP401,"ผู้ป่วยเกิดภาวะแทรกซ้อนจากกระบวนการดูแล รักษาพยาบาลซึ่งป้องกันได้ (ยกเว้น เกิดแผลกดทับ, ตก เตียง/fall)","[PT/32] ผู้ ป่วย เกิด ภาวะ แทรกซ้อน ขึ้น จาก การ รักษา พยาบาล
[PT/32.01] ผู้ ป่วย เกิด อาการ แพ้ ที่ ผิวหนัง ขณะ รักษา ด้วย การ กระตุ้น ไฟฟ้า
[PT/32.02] ผู้ ป่วย เกิด Burn จาก การ อบ ไฟฟ้า (SWD) / แผ่น ความ ร้อน / เครื่อง กระตุ้น ไฟฟ้า
[PT/32.03] ผู้ รับ บริการ เกิด Burn จาก การ ประคบ สมุนไพร
[PT/32.04] ผู้ รับ บริการ เกิด การ บาดเจ็บ / อาการ ไม่ พึง ประสงค์ จาก การ นวด อบ แผน ไทย
[PT/32.05] บาดแผล หลัง เย็บ แยก ออก จาก กัน
[PT/32.06] ผู้ ป่วย ได้ รับ บาดเจ็บ หรือ มี อาการ ปวด เพิ่ม ขึ้น หลัง รักษา ทาง กายภาพบําบัด
[PT/32.07] ผู้ ป่วย เกิด ภาวะ วิกฤต ระหว่าง รักษา ทาง กายภาพบําบัด
[PT/32.08] ผู้ ป่วย เกิด ภาวะ แทรกซ้อน จาก การ รักษา ด้วย การ กายภาพบําบัด
[PT/32.09] ผู้ ป่วย เกิด การ อักเสบ ของ กระดูก จาก การ นวด รักษา
[PT/32.10] ผู้ ป่วย เกิด การ แตกหัก ของ กระดูก จาก การ นวด รักษา
[PT/32.11] เกิด การ แพ้ ยา พอก เข่า สมุนไพร
[PT/32.12] ผู้ ป่วย เจ็บปวด เพิ่ม ขึ้น จาก การ จัด ท่า ใน การ เอกซเรย์
[PT/32.13] Dry socket หลัง ถอน ฟัน
[PT/32.14] ภาวะ เลือด ไหล ไม่ หยุด หลัง ถอน ฟัน
[PT/32.15] เป็น ลม หมด สติ ขณะ ทํา กายภาพบําบัด
[PT/32.16] เป็น ลม หมด สติ ขณะ เข้า อบ สมุนไพร
[PT/12.04] เครื่องมือ อุด ฟัน เครื่องมือ กรอ ฟัน บาด ปาก หรือ เนื้อ เยื้อ ใน ช่อง ปาก
[PT/12.07] การ เกิด mechanical exposed pulp โดย ไม่ ได้ วาง แผน
[PT/12.08] NaOCI burn จาก การ รักษา รากฟัน
[PT/34] ผู้ ป่วย ได้ รับ รังสี เพิ่ม จาก การ ถ่าย เอกซเรย์ ซ้ํา",Many-to-1,หัวข้อใหม่รวมภาวะแทรกซ้อนที่ป้องกันได้ ยกเว้นแผลกดทับและพลัดตกหกล้ม
CPP402,ผู้ป่วยพยายามฆ่าตัวตาย/ฆ่าตัวตาย,[เป็นความเสี่ยงใหม่ ไม่พบในระบบเก่า],No Match,ไม่พบหัวข้อเดิมที่มีความหมายเฉพาะตรงกับมาตรฐานใหม่ ควรเริ่มใช้รหัสนี้กับเหตุการณ์ใหม่และทบทวนย้อนหลังเป็นรายเหตุการณ์หากจำเป็น
CPP403,ผู้ป่วยถูกลักพาตัว สลับ หรือสูญหาย หรือพลัดหลง หรือ หลบหนี,[PT/08.02] ผู้ ป่วย หนี กลับ,1-to-Many,ใช้เฉพาะกรณีหลบหนี/สูญหาย ไม่รวมกลับบ้านโดยแจ้งปฏิเสธการรักษา
CPP405,ตกเตียง/fall,"[PT/02] ผู้ ป่วย พลัด ตก หกล้ม
[PT/02.01] ผู้ ป่วย ตก เตียง
[PT/02.02] (ยกเลิก ใช้)
[PT/02.03] ผู้ ป่วย พลัด ตก หกล้ม จาก การ ฝึก เดิน
[PT/02.04] ผู้ ป่วย ล้ม / บาดเจ็บ ขณะ กําลัง เอกซเรย์
[PT/02.05] ผู้ ป่วย พลัด ตก จาก รถ เข็น ขณะ เคลื่อน ย้าย",Many-to-1,รวบรวมการพลัดตกหกล้มของผู้ป่วยทุกบริบท
CPP406,ผู้ป่วยอาละวาดก้าวร้าว,"[PT/07] ผู้ ป่วย จิต เวช เอะอะ โวยวาย ขณะ รอ ตรวจ
[EN/05.02] ผู้ ป่วย ญาติ เอะอะ โวยวาย",Many-to-1,ชื่อเดิมถูกรวมเข้าสู่รหัสมาตรฐานใหม่ตามความหมายและขั้นตอนบริการที่ใกล้เคียงที่สุด
CPP407,เกิดภาวะแทรกซ้อนจากการให้ยา/สารน้ํา/เลือด/ ส่วนประกอบของเลือดทางหลอดเลือดดําส่วนปลาย (Infusion related complication),[IC/01.01] การ อักเสบ ของ หลอดเลือด ดํา (Phlebitis),1-to-Many,Phlebitis เป็นหนึ่งใน infusion-related complications
CPP404,เกิดแผลกดทับ,[เป็นความเสี่ยงใหม่ ไม่พบในระบบเก่า],No Match,ไม่พบหัวข้อเดิมที่มีความหมายเฉพาะตรงกับมาตรฐานใหม่ ควรเริ่มใช้รหัสนี้กับเหตุการณ์ใหม่และทบทวนย้อนหลังเป็นรายเหตุการณ์หากจำเป็น
CPP504,Chronic Non-Cancer Patients ได้รับการสั่งใช้ Opioids ไม่เหมาะสม,[เป็นความเสี่ยงใหม่ ไม่พบในระบบเก่า],No Match,ไม่พบหัวข้อเดิมที่มีความหมายเฉพาะตรงกับมาตรฐานใหม่ ควรเริ่มใช้รหัสนี้กับเหตุการณ์ใหม่และทบทวนย้อนหลังเป็นรายเหตุการณ์หากจำเป็น
CPP501,ผู้ป่วยไม่ได้รับ หรือได้รับการบรรเทาอาการปวดไม่เหมาะสม กับสภาพอาการ,[เป็นความเสี่ยงใหม่ ไม่พบในระบบเก่า],No Match,ไม่พบหัวข้อเดิมที่มีความหมายเฉพาะตรงกับมาตรฐานใหม่ ควรเริ่มใช้รหัสนี้กับเหตุการณ์ใหม่และทบทวนย้อนหลังเป็นรายเหตุการณ์หากจำเป็น
CPP502,ผู้ป่วยมีภาวะแทรกซ้อนหรือเหตุการณ์ไม่พึงประสงค์จากการ จัดการความปวด,[เป็นความเสี่ยงใหม่ ไม่พบในระบบเก่า],No Match,ไม่พบหัวข้อเดิมที่มีความหมายเฉพาะตรงกับมาตรฐานใหม่ ควรเริ่มใช้รหัสนี้กับเหตุการณ์ใหม่และทบทวนย้อนหลังเป็นรายเหตุการณ์หากจำเป็น
CPP503,ผู้ป่วย Acute Pain ไม่ได้รับ หรือได้รับการบรรเทาอาการ ปวดไม่เหมาะสม,[เป็นความเสี่ยงใหม่ ไม่พบในระบบเก่า],No Match,ไม่พบหัวข้อเดิมที่มีความหมายเฉพาะตรงกับมาตรฐานใหม่ ควรเริ่มใช้รหัสนี้กับเหตุการณ์ใหม่และทบทวนย้อนหลังเป็นรายเหตุการณ์หากจำเป็น
CPP505,ผู้ป่วยมีภาวะแทรกซ้อนหรือเหตุการณ์ไม่พึงประสงค์จากการ ใช้ opioids ในการระงับปวดเรื้อรังที่มิใช่มะเร็ง,[เป็นความเสี่ยงใหม่ ไม่พบในระบบเก่า],No Match,ไม่พบหัวข้อเดิมที่มีความหมายเฉพาะตรงกับมาตรฐานใหม่ ควรเริ่มใช้รหัสนี้กับเหตุการณ์ใหม่และทบทวนย้อนหลังเป็นรายเหตุการณ์หากจำเป็น
CPP506,Management for Cancer Pain and Palliative Care ไม่เหมาะสม,[เป็นความเสี่ยงใหม่ ไม่พบในระบบเก่า],No Match,ไม่พบหัวข้อเดิมที่มีความหมายเฉพาะตรงกับมาตรฐานใหม่ ควรเริ่มใช้รหัสนี้กับเหตุการณ์ใหม่และทบทวนย้อนหลังเป็นรายเหตุการณ์หากจำเป็น
CPP601,ผู้ป่วยที่จําเป็นต้องส่งต่อเพื่อการรักษา ไม่ได้รับการส่งต่อ หรือส่งต่อได้ในช่วงเวลาไม่เหมาะสม,"[PT/05] ผู้ ป่วย เกิด การ ภาวะ แทรกซ้อน / วิกฤต จาก การ ส่ง ต่อ ล้า ช้า
[PT/18] รพ. แม่ ข่าย ไม่ รับ Refer 6. โปรแกรม ความปลอดภัย ใน การ ดูแลรักษา ผู้ ป่วย (PCT) 6. โปรแกรม ความปลอดภัย ใน การ ดูแลรักษา ผู้ ป่วย (PCT)
[PT/27] ผู้ ป่วย Stroke ไม่ ได้ รับ การ ส่ง ต่อ ทัน เวลา ตาม มาตรฐาน ที่ กําหนด
[PT/29] ผู้ ป่วย UGIH มีค วาม เสี่ยง เสีย ชีวิต จาก การ ส่ง ต่อ ล่า ช้า",Many-to-1,ชื่อเดิมถูกรวมเข้าสู่รหัสมาตรฐานใหม่ตามความหมายและขั้นตอนบริการที่ใกล้เคียงที่สุด
CPP602,มีภาวะแทรกซ้อนหรือเหตุการณ์ไม่พึงประสงค์ที่ป้องกันได้ ระหว่างส่งต่อ,"[PT/05.01] ผู้ ป่วย อา อาการ ทรุด ลง ระหว่าง ส่ง ต่อ
[PT/05.02] ผู้ ป่วย เสีย ชีวิต ระหว่าง ส่ง ต่อ / เสีย ชีวิต ที่ โรง พยาบาล ปลายทาง ภายใน 24 hr.",Many-to-1,ชื่อเดิมถูกรวมเข้าสู่รหัสมาตรฐานใหม่ตามความหมายและขั้นตอนบริการที่ใกล้เคียงที่สุด
CPS101,ผ่าตัดผิดตําแหน่ง ผิดข้าง (Surgery or other invasive procedure performed on the wrong body part)*,"[PT/12.02] ให้การ รักษา / ทํา หัตถการ ผิด ตําแหน่ง
[PT/34.02] ถ่าย เอกซเรย์ ผู้ ป่วย ผิด ข้าง ผิด อวัยวะ",Many-to-1,ใช้เฉพาะผ่าตัด/หัตถการผิดตำแหน่งหรือผิดข้าง
CPS102,ผ่าตัดผิดคน (Surgery or other invasive procedure performed on the wrong patient)*,[PT/01] การ ระบุ ตัวผู้ ป่วย ผิด คน (การ ดูแล รักษา ผู้ ป่วย),1-to-Many,หัวข้อเดิมผิดคนกว้าง ต้องยืนยันว่าเกิดในผ่าตัด/หัตถการรุกล้ำ
CPS103,ผ่าตัดผิดชนิด (Wrong surgical or other invasive procedure performed on a patient)* procedure performed on the wrong body part)*,[PT/12] การ ดูแล การ รักษา / หัตถการ ผิด พลาด 6. โปรแกรม ความปลอดภัย ใน การ ดูแลรักษา ผู้ ป่วย (PCT),1-to-Many,หัวข้อเดิมหัตถการผิดพลาดกว้าง ต้องยืนยันชนิดหัตถการ
CPS104,Wrong implant/prosthetic***,[เป็นความเสี่ยงใหม่ ไม่พบในระบบเก่า],No Match,ไม่พบหัวข้อเดิมที่มีความหมายเฉพาะตรงกับมาตรฐานใหม่ ควรเริ่มใช้รหัสนี้กับเหตุการณ์ใหม่และทบทวนย้อนหลังเป็นรายเหตุการณ์หากจำเป็น
CPS105,บาดเจ็บอวัยวะข้างเคียงระหว่างผ่าตัด (Internal organ injury or Accidental puncture or laceration)**,[เป็นความเสี่ยงใหม่ ไม่พบในระบบเก่า],No Match,ไม่พบหัวข้อเดิมที่มีความหมายเฉพาะตรงกับมาตรฐานใหม่ ควรเริ่มใช้รหัสนี้กับเหตุการณ์ใหม่และทบทวนย้อนหลังเป็นรายเหตุการณ์หากจำเป็น
CPS108,ผ่าตัดซ้ําโดยไม่ได้วางแผน,[เป็นความเสี่ยงใหม่ ไม่พบในระบบเก่า],No Match,ไม่พบหัวข้อเดิมที่มีความหมายเฉพาะตรงกับมาตรฐานใหม่ ควรเริ่มใช้รหัสนี้กับเหตุการณ์ใหม่และทบทวนย้อนหลังเป็นรายเหตุการณ์หากจำเป็น
CPS109,ความคาดเคลื่อนของการส่งผลชิ้นเนื้อ หรือสิ่งส่งตรวจอื่นใน กระบวนการผ่าตัด,[เป็นความเสี่ยงใหม่ ไม่พบในระบบเก่า],No Match,ไม่พบหัวข้อเดิมที่มีความหมายเฉพาะตรงกับมาตรฐานใหม่ ควรเริ่มใช้รหัสนี้กับเหตุการณ์ใหม่และทบทวนย้อนหลังเป็นรายเหตุการณ์หากจำเป็น
CPS106,Perioperative hemorrhage or hematoma**,[เป็นความเสี่ยงใหม่ ไม่พบในระบบเก่า],No Match,ไม่พบหัวข้อเดิมที่มีความหมายเฉพาะตรงกับมาตรฐานใหม่ ควรเริ่มใช้รหัสนี้กับเหตุการณ์ใหม่และทบทวนย้อนหลังเป็นรายเหตุการณ์หากจำเป็น
CPS107,ภาวะแทรกซ้อนอื่นๆ ของผู้ป่วยระหว่างการผ่าตัดที่ป้องกันได้,[เป็นความเสี่ยงใหม่ ไม่พบในระบบเก่า],No Match,ไม่พบหัวข้อเดิมที่มีความหมายเฉพาะตรงกับมาตรฐานใหม่ ควรเริ่มใช้รหัสนี้กับเหตุการณ์ใหม่และทบทวนย้อนหลังเป็นรายเหตุการณ์หากจำเป็น
CPS110,Intraoperative or immediately postoperative/post procedure death in an ASA PS I patient*,[เป็นความเสี่ยงใหม่ ไม่พบในระบบเก่า],No Match,ไม่พบหัวข้อเดิมที่มีความหมายเฉพาะตรงกับมาตรฐานใหม่ ควรเริ่มใช้รหัสนี้กับเหตุการณ์ใหม่และทบทวนย้อนหลังเป็นรายเหตุการณ์หากจำเป็น
CPS111,SSI: Surgical Site Infection,[เป็นความเสี่ยงใหม่ ไม่พบในระบบเก่า],No Match,ไม่พบหัวข้อเดิมที่มีความหมายเฉพาะตรงกับมาตรฐานใหม่ ควรเริ่มใช้รหัสนี้กับเหตุการณ์ใหม่และทบทวนย้อนหลังเป็นรายเหตุการณ์หากจำเป็น
CPS112,Postoperative Acute Kidney Injury Requiring Dialysis**,[เป็นความเสี่ยงใหม่ ไม่พบในระบบเก่า],No Match,ไม่พบหัวข้อเดิมที่มีความหมายเฉพาะตรงกับมาตรฐานใหม่ ควรเริ่มใช้รหัสนี้กับเหตุการณ์ใหม่และทบทวนย้อนหลังเป็นรายเหตุการณ์หากจำเป็น
CPS114,Postoperative Respiratory failure**,[เป็นความเสี่ยงใหม่ ไม่พบในระบบเก่า],No Match,ไม่พบหัวข้อเดิมที่มีความหมายเฉพาะตรงกับมาตรฐานใหม่ ควรเริ่มใช้รหัสนี้กับเหตุการณ์ใหม่และทบทวนย้อนหลังเป็นรายเหตุการณ์หากจำเป็น
CPS115,Postoperative Sepsis**,[เป็นความเสี่ยงใหม่ ไม่พบในระบบเก่า],No Match,ไม่พบหัวข้อเดิมที่มีความหมายเฉพาะตรงกับมาตรฐานใหม่ ควรเริ่มใช้รหัสนี้กับเหตุการณ์ใหม่และทบทวนย้อนหลังเป็นรายเหตุการณ์หากจำเป็น
CPS113,Postoperative Hip Fracture**,[เป็นความเสี่ยงใหม่ ไม่พบในระบบเก่า],No Match,ไม่พบหัวข้อเดิมที่มีความหมายเฉพาะตรงกับมาตรฐานใหม่ ควรเริ่มใช้รหัสนี้กับเหตุการณ์ใหม่และทบทวนย้อนหลังเป็นรายเหตุการณ์หากจำเป็น
CPS116,Postoperative Wound dehiscence**,[เป็นความเสี่ยงใหม่ ไม่พบในระบบเก่า],No Match,ไม่พบหัวข้อเดิมที่มีความหมายเฉพาะตรงกับมาตรฐานใหม่ ควรเริ่มใช้รหัสนี้กับเหตุการณ์ใหม่และทบทวนย้อนหลังเป็นรายเหตุการณ์หากจำเป็น
CPS117,ภาวะแทรกซ้อนอื่นๆ ของผู้ป่วยหลังผ่าตัดที่ป้องกันได้,[PT/32.05] บาดแผล หลัง เย็บ แยก ออก จาก กัน,1-to-Many,บาดแผลแยกหลังเย็บเป็นหนึ่งในภาวะแทรกซ้อนหลังผ่าตัด
CPS118,เกิดภาวะ Venous Thromboembolism (VTE) หลังผ่าตัด,[เป็นความเสี่ยงใหม่ ไม่พบในระบบเก่า],No Match,ไม่พบหัวข้อเดิมที่มีความหมายเฉพาะตรงกับมาตรฐานใหม่ ควรเริ่มใช้รหัสนี้กับเหตุการณ์ใหม่และทบทวนย้อนหลังเป็นรายเหตุการณ์หากจำเป็น
CPS202,"ภาวะหัวใจหยุดเต้นระหว่างผ่าตัดในผู้ป่วย ASA PS I, II",[เป็นความเสี่ยงใหม่ ไม่พบในระบบเก่า],No Match,ไม่พบหัวข้อเดิมที่มีความหมายเฉพาะตรงกับมาตรฐานใหม่ ควรเริ่มใช้รหัสนี้กับเหตุการณ์ใหม่และทบทวนย้อนหลังเป็นรายเหตุการณ์หากจำเป็น
CPS203,ใส่ท่อหายใจซ้ําภายใน 2 ชั่วโมงหลังการถอดท่อหายใจ (re-intubation within 2 hrs. after ex-tubation),[PT/12.06] ใส่ ท่อ ช่วย หายใจ มาก กว่า 2 ครั้ง,1-to-1,ชื่อเดิมถูกรวมเข้าสู่รหัสมาตรฐานใหม่ตามความหมายและขั้นตอนบริการที่ใกล้เคียงที่สุด
CPS201,เกิดภาวะแทรกซ้อนที่เกี่ยวข้องกับการระงับความรู้สึก,[เป็นความเสี่ยงใหม่ ไม่พบในระบบเก่า],No Match,ไม่พบหัวข้อเดิมที่มีความหมายเฉพาะตรงกับมาตรฐานใหม่ ควรเริ่มใช้รหัสนี้กับเหตุการณ์ใหม่และทบทวนย้อนหลังเป็นรายเหตุการณ์หากจำเป็น
CPS301,สิ่งแวดล้อมในห้องผ่าตัดไม่ปลอดภัย,[เป็นความเสี่ยงใหม่ ไม่พบในระบบเก่า],No Match,ไม่พบหัวข้อเดิมที่มีความหมายเฉพาะตรงกับมาตรฐานใหม่ ควรเริ่มใช้รหัสนี้กับเหตุการณ์ใหม่และทบทวนย้อนหลังเป็นรายเหตุการณ์หากจำเป็น
CPS302,ไฟฟ้าสํารองไม่ทํางานภายในระยะเวลาที่กําหนดเมื่อไฟดับ ระหว่างผ่าตัด,[เป็นความเสี่ยงใหม่ ไม่พบในระบบเก่า],No Match,ไม่พบหัวข้อเดิมที่มีความหมายเฉพาะตรงกับมาตรฐานใหม่ ควรเริ่มใช้รหัสนี้กับเหตุการณ์ใหม่และทบทวนย้อนหลังเป็นรายเหตุการณ์หากจำเป็น
CPS303,เครื่องมือ-อุปกรณ์สําหรับผ่าตัดไม่พร้อมใช้งาน,"[MI/02] การเต รี ยม พร้อม เครื่องมือ แพทย์ ผิด พลาด ไม่ พร้อม ใช้ งาน
[MI/05] เครื่องมือ แพทย์ ชํารุด เสียหาย
[MI/08] ครุภัณฑ์ การ แพทย์ ชํารุด เสียหาย",Many-to-1,ใช้เฉพาะเครื่องมือผ่าตัด
CPS305,เหตุการณ์ไม่พึงประสงค์ จากการไม่ปฏิบัติตามขั้นตอน กระบวนการดูแลผู้ป่วยที่มารับการผ่าตัด,"[PT/14] เจ้าหน้าที่ ไม่ ปฏิบัติ ตาม แนวทาง ใน การ ดูแล รักษา โรค
[PT/14.01] ไม่ ปฏิบัติ ตาม มาตรฐาน ที่ กําหนด ใน การ ดูแล ผู้ ป่วย",Many-to-1,ต้องยืนยันว่าเกิดในกระบวนการผ่าตัด
CPS306,การเลื่อนการผ่าตัดที่ไม่เร่งด่วนจากความไม่พร้อมหรือการ ประเมินไม่ครบถ้วน,[เป็นความเสี่ยงใหม่ ไม่พบในระบบเก่า],No Match,ไม่พบหัวข้อเดิมที่มีความหมายเฉพาะตรงกับมาตรฐานใหม่ ควรเริ่มใช้รหัสนี้กับเหตุการณ์ใหม่และทบทวนย้อนหลังเป็นรายเหตุการณ์หากจำเป็น
CPS304,ภาวะแทรกซ้อนจากเครื่องมือ/อุปกรณ์เกี่ยวกับการผ่าตัด,"[MI/05] เครื่องมือ แพทย์ ชํารุด เสียหาย
[MI/08] ครุภัณฑ์ การ แพทย์ ชํารุด เสียหาย",Many-to-1,ใช้เฉพาะภาวะแทรกซ้อนจากอุปกรณ์ผ่าตัด
CPS307,การมีอุปกรณ์หรือสิ่งตกค้างอื่นใดในร่างกายผู้ป่วย (Unintended retention of foreign object in a patient after surgery or other procedure)***,"[PT/12.03] เครื่องมือ แพทย์ หัก ตกค้าง ใน ร่างกาย ผู้ ป่วย ขณะ ทํา หัตถการ
[PT/12.01] สิ่ง แปลกปลอม หลุด ลงคอ ผู้ ป่วย ขณะ ทํา ทํา หัตถการ",1-to-1,ชื่อเดิมถูกรวมเข้าสู่รหัสมาตรฐานใหม่ตามความหมายและขั้นตอนบริการที่ใกล้เคียงที่สุด
CPS308,การปฏิบัติโดยไม่คํานึงถึงศักดิ์ศรีความเป็นมนุษย์และสิทธิ ผู้ป่วย,"[PT/15.05] กระทํา ต่อ ผู้ ป่วย ไม่ เหมาะสม ทําให้ ผู้ ป่วย ได้ รับ ความ อับอาย / ถูก ดูหมิ่น เหยียดหยาม / เสื่อมเสีย ชื่อเสียง
[PT/15.07] เปิดเผย ร่างกาย ผู้ ป่วย ขณะ ให้การ รักษา พยาบาล",Many-to-1,ชื่อเดิมถูกรวมเข้าสู่รหัสมาตรฐานใหม่ตามความหมายและขั้นตอนบริการที่ใกล้เคียงที่สุด
CSD101,เกิดปัญหาใน Dental Tx ผู้ป่วยโรค DM เช่น Hypo-Hyperglycemia/แผลหายช้า/Advance Periodontitis,[เป็นความเสี่ยงใหม่ ไม่พบในระบบเก่า],No Match,ไม่พบหัวข้อเดิมที่มีความหมายเฉพาะตรงกับมาตรฐานใหม่ ควรเริ่มใช้รหัสนี้กับเหตุการณ์ใหม่และทบทวนย้อนหลังเป็นรายเหตุการณ์หากจำเป็น
CSD102,เกิดปัญหาใน Dental Tx in Hemorrhagic disorders เช่น Spontaneous or prolong bleeding/Delayed healing,[เป็นความเสี่ยงใหม่ ไม่พบในระบบเก่า],No Match,ไม่พบหัวข้อเดิมที่มีความหมายเฉพาะตรงกับมาตรฐานใหม่ ควรเริ่มใช้รหัสนี้กับเหตุการณ์ใหม่และทบทวนย้อนหลังเป็นรายเหตุการณ์หากจำเป็น
CSD103,เกิด Airway obstruction ในโรค Ludwig's Angina,[เป็นความเสี่ยงใหม่ ไม่พบในระบบเก่า],No Match,ไม่พบหัวข้อเดิมที่มีความหมายเฉพาะตรงกับมาตรฐานใหม่ ควรเริ่มใช้รหัสนี้กับเหตุการณ์ใหม่และทบทวนย้อนหลังเป็นรายเหตุการณ์หากจำเป็น
CSD104,เกิด Allergy to Local anesthesia ใน Dental Tx,[เป็นความเสี่ยงใหม่ ไม่พบในระบบเก่า],No Match,ไม่พบหัวข้อเดิมที่มีความหมายเฉพาะตรงกับมาตรฐานใหม่ ควรเริ่มใช้รหัสนี้กับเหตุการณ์ใหม่และทบทวนย้อนหลังเป็นรายเหตุการณ์หากจำเป็น
CSD105,เกิด Chest pain/Acute MI ใน Dental Tx ผู้ป่วยโรค Angina pectoris or MI,[เป็นความเสี่ยงใหม่ ไม่พบในระบบเก่า],No Match,ไม่พบหัวข้อเดิมที่มีความหมายเฉพาะตรงกับมาตรฐานใหม่ ควรเริ่มใช้รหัสนี้กับเหตุการณ์ใหม่และทบทวนย้อนหลังเป็นรายเหตุการณ์หากจำเป็น
CSD106,เกิด Subacute bacterial endocarditis ใน Dental Tx ผู้ป่วยโรคลิ้นหัวใจหรือใส่ลิ้นหัวใจเทียม,[เป็นความเสี่ยงใหม่ ไม่พบในระบบเก่า],No Match,ไม่พบหัวข้อเดิมที่มีความหมายเฉพาะตรงกับมาตรฐานใหม่ ควรเริ่มใช้รหัสนี้กับเหตุการณ์ใหม่และทบทวนย้อนหลังเป็นรายเหตุการณ์หากจำเป็น
CSD107,เกิด Tumor that extends to malignancy ในโรค Oral lesion แผลในช่องปาก,[เป็นความเสี่ยงใหม่ ไม่พบในระบบเก่า],No Match,ไม่พบหัวข้อเดิมที่มีความหมายเฉพาะตรงกับมาตรฐานใหม่ ควรเริ่มใช้รหัสนี้กับเหตุการณ์ใหม่และทบทวนย้อนหลังเป็นรายเหตุการณ์หากจำเป็น
CSD109,เกิดภาวะแทรกซ้อนในผู้ป่วย Head and neck cancer therapy เช่น Osteoradionecrosis/Halitosis/Mucositis,[เป็นความเสี่ยงใหม่ ไม่พบในระบบเก่า],No Match,ไม่พบหัวข้อเดิมที่มีความหมายเฉพาะตรงกับมาตรฐานใหม่ ควรเริ่มใช้รหัสนี้กับเหตุการณ์ใหม่และทบทวนย้อนหลังเป็นรายเหตุการณ์หากจำเป็น
CSD110,เกิดภาวะแทรกซ้อนใน Oral surgery/Simple-Surgical extraction เช่น Bleeding/Pain and Swelling/Fibrinolytic alveolitis,"[PT/12.04] เครื่องมือ อุด ฟัน เครื่องมือ กรอ ฟัน บาด ปาก หรือ เนื้อ เยื้อ ใน ช่อง ปาก
[PT/12.05] การ เกิด ภาวะ OAC (Oroantral Communication) จาก การ ถอน ฟัน
[PT/32.13] Dry socket หลัง ถอน ฟัน
[PT/32.14] ภาวะ เลือด ไหล ไม่ หยุด หลัง ถอน ฟัน",Many-to-1,ชื่อเดิมถูกรวมเข้าสู่รหัสมาตรฐานใหม่ตามความหมายและขั้นตอนบริการที่ใกล้เคียงที่สุด
CSD111,แผลถอนฟันหายช้าและติดเชื้อ ในผู้ป่วย HIV/Immunosuppressive/On steroid,[IC/01.03] การ ติด เชื้อ หลัง ถอน ฟัน / ผ่า ฟัน คุด,1-to-Many,รหัสเดิมไม่ได้ระบุภาวะภูมิคุ้มกัน ต้องยืนยันปัจจัยผู้ป่วย
CSD108,เกิดภาวะฉุกเฉินใน Emergency in dental clinic เช่น Syncope/Hyperventilation/Toxic effect of local anesthesia,[เป็นความเสี่ยงใหม่ ไม่พบในระบบเก่า],No Match,ไม่พบหัวข้อเดิมที่มีความหมายเฉพาะตรงกับมาตรฐานใหม่ ควรเริ่มใช้รหัสนี้กับเหตุการณ์ใหม่และทบทวนย้อนหลังเป็นรายเหตุการณ์หากจำเป็น
CSE101,Iris prolapsed ใน ECCE,[เป็นความเสี่ยงใหม่ ไม่พบในระบบเก่า],No Match,ไม่พบหัวข้อเดิมที่มีความหมายเฉพาะตรงกับมาตรฐานใหม่ ควรเริ่มใช้รหัสนี้กับเหตุการณ์ใหม่และทบทวนย้อนหลังเป็นรายเหตุการณ์หากจำเป็น
CSE104,กระจกตาบวม ใน ECCE,[เป็นความเสี่ยงใหม่ ไม่พบในระบบเก่า],No Match,ไม่พบหัวข้อเดิมที่มีความหมายเฉพาะตรงกับมาตรฐานใหม่ ควรเริ่มใช้รหัสนี้กับเหตุการณ์ใหม่และทบทวนย้อนหลังเป็นรายเหตุการณ์หากจำเป็น
CSE105,กระจกตาบวม ใน Phaco with IOL,[เป็นความเสี่ยงใหม่ ไม่พบในระบบเก่า],No Match,ไม่พบหัวข้อเดิมที่มีความหมายเฉพาะตรงกับมาตรฐานใหม่ ควรเริ่มใช้รหัสนี้กับเหตุการณ์ใหม่และทบทวนย้อนหลังเป็นรายเหตุการณ์หากจำเป็น
CSE102,Rupture posterior capsule ใน ECCE,[เป็นความเสี่ยงใหม่ ไม่พบในระบบเก่า],No Match,ไม่พบหัวข้อเดิมที่มีความหมายเฉพาะตรงกับมาตรฐานใหม่ ควรเริ่มใช้รหัสนี้กับเหตุการณ์ใหม่และทบทวนย้อนหลังเป็นรายเหตุการณ์หากจำเป็น
CSE103,Rupture posterior capsule ใน Phaco with IOL,[เป็นความเสี่ยงใหม่ ไม่พบในระบบเก่า],No Match,ไม่พบหัวข้อเดิมที่มีความหมายเฉพาะตรงกับมาตรฐานใหม่ ควรเริ่มใช้รหัสนี้กับเหตุการณ์ใหม่และทบทวนย้อนหลังเป็นรายเหตุการณ์หากจำเป็น
CSE106,Endophthalmitis ใน ECCE,[เป็นความเสี่ยงใหม่ ไม่พบในระบบเก่า],No Match,ไม่พบหัวข้อเดิมที่มีความหมายเฉพาะตรงกับมาตรฐานใหม่ ควรเริ่มใช้รหัสนี้กับเหตุการณ์ใหม่และทบทวนย้อนหลังเป็นรายเหตุการณ์หากจำเป็น
CSE202,เกิดภาวะแทรกซ้อนใน Thyroidectomy (เช่น Nerve injury/Hematoma/Hypoparathyroidism/Dysphagia),[เป็นความเสี่ยงใหม่ ไม่พบในระบบเก่า],No Match,ไม่พบหัวข้อเดิมที่มีความหมายเฉพาะตรงกับมาตรฐานใหม่ ควรเริ่มใช้รหัสนี้กับเหตุการณ์ใหม่และทบทวนย้อนหลังเป็นรายเหตุการณ์หากจำเป็น
CSE107,Endophthalmitis ใน Phaco with IOL,[เป็นความเสี่ยงใหม่ ไม่พบในระบบเก่า],No Match,ไม่พบหัวข้อเดิมที่มีความหมายเฉพาะตรงกับมาตรฐานใหม่ ควรเริ่มใช้รหัสนี้กับเหตุการณ์ใหม่และทบทวนย้อนหลังเป็นรายเหตุการณ์หากจำเป็น
CSE108,Endophthalmitis ใน Intravitreous,[เป็นความเสี่ยงใหม่ ไม่พบในระบบเก่า],No Match,ไม่พบหัวข้อเดิมที่มีความหมายเฉพาะตรงกับมาตรฐานใหม่ ควรเริ่มใช้รหัสนี้กับเหตุการณ์ใหม่และทบทวนย้อนหลังเป็นรายเหตุการณ์หากจำเป็น
CSE201,เกิดภาวะแทรกซ้อนในการทํา Tracheostomy Tube (เช่น Subcutaneous Emphysema/Bleeding/Pneumothorax/T-E fistula/Nerve injury),[เป็นความเสี่ยงใหม่ ไม่พบในระบบเก่า],No Match,ไม่พบหัวข้อเดิมที่มีความหมายเฉพาะตรงกับมาตรฐานใหม่ ควรเริ่มใช้รหัสนี้กับเหตุการณ์ใหม่และทบทวนย้อนหลังเป็นรายเหตุการณ์หากจำเป็น
CSE203,เกิดภาวะแทรกซ้อนใน Tonsillectomy (เช่น Bleeding/Nasopharyngeal stenosis),[เป็นความเสี่ยงใหม่ ไม่พบในระบบเก่า],No Match,ไม่พบหัวข้อเดิมที่มีความหมายเฉพาะตรงกับมาตรฐานใหม่ ควรเริ่มใช้รหัสนี้กับเหตุการณ์ใหม่และทบทวนย้อนหลังเป็นรายเหตุการณ์หากจำเป็น
CSG101,เกิดปัญหา in VBAC (Vaginal Birth after Cesarean) เช่น Uterine rupture/ตกเลือด,[เป็นความเสี่ยงใหม่ ไม่พบในระบบเก่า],No Match,ไม่พบหัวข้อเดิมที่มีความหมายเฉพาะตรงกับมาตรฐานใหม่ ควรเริ่มใช้รหัสนี้กับเหตุการณ์ใหม่และทบทวนย้อนหลังเป็นรายเหตุการณ์หากจำเป็น
CSG102,เกิดปัญหาใน Preeclampsia (เช่น Eclampsia/HELLP Syndrome/Severe eclampsia/Abruption/SE from MgSO4),[เป็นความเสี่ยงใหม่ ไม่พบในระบบเก่า],No Match,ไม่พบหัวข้อเดิมที่มีความหมายเฉพาะตรงกับมาตรฐานใหม่ ควรเริ่มใช้รหัสนี้กับเหตุการณ์ใหม่และทบทวนย้อนหลังเป็นรายเหตุการณ์หากจำเป็น
CSG103,เกิดปัญหาใน Pregnancy with GDM (เช่น Polyhydramnios/PIH/Macrosomia/DFIU),[เป็นความเสี่ยงใหม่ ไม่พบในระบบเก่า],No Match,ไม่พบหัวข้อเดิมที่มีความหมายเฉพาะตรงกับมาตรฐานใหม่ ควรเริ่มใช้รหัสนี้กับเหตุการณ์ใหม่และทบทวนย้อนหลังเป็นรายเหตุการณ์หากจำเป็น
CSG104,เกิดปัญหาใน Pregnancy with HIV เช่น M-F transmission,[เป็นความเสี่ยงใหม่ ไม่พบในระบบเก่า],No Match,ไม่พบหัวข้อเดิมที่มีความหมายเฉพาะตรงกับมาตรฐานใหม่ ควรเริ่มใช้รหัสนี้กับเหตุการณ์ใหม่และทบทวนย้อนหลังเป็นรายเหตุการณ์หากจำเป็น
CSG105,เกิดภาวะวิกฤติใน Placenta Previa (เช่น APH/PPH),[เป็นความเสี่ยงใหม่ ไม่พบในระบบเก่า],No Match,ไม่พบหัวข้อเดิมที่มีความหมายเฉพาะตรงกับมาตรฐานใหม่ ควรเริ่มใช้รหัสนี้กับเหตุการณ์ใหม่และทบทวนย้อนหลังเป็นรายเหตุการณ์หากจำเป็น
CSG106,เกิดภาวะแทรกซ้อนใน Amniocentesis (เช่น Haemorrhage/Sepsis/Fetal loss/Abort/Uterine contraction),[เป็นความเสี่ยงใหม่ ไม่พบในระบบเก่า],No Match,ไม่พบหัวข้อเดิมที่มีความหมายเฉพาะตรงกับมาตรฐานใหม่ ควรเริ่มใช้รหัสนี้กับเหตุการณ์ใหม่และทบทวนย้อนหลังเป็นรายเหตุการณ์หากจำเป็น
CSG107,เกิดปัญหาใน Premature Contraction (เช่น Preterm labour/SE from Inhibit) transmission,[เป็นความเสี่ยงใหม่ ไม่พบในระบบเก่า],No Match,ไม่พบหัวข้อเดิมที่มีความหมายเฉพาะตรงกับมาตรฐานใหม่ ควรเริ่มใช้รหัสนี้กับเหตุการณ์ใหม่และทบทวนย้อนหลังเป็นรายเหตุการณ์หากจำเป็น
CSG201,เกิดปัญหาใน Twin (เช่น Preterm labour/PROM/ PPH/Birth asphyxia/PIH/Discordant twin),[เป็นความเสี่ยงใหม่ ไม่พบในระบบเก่า],No Match,ไม่พบหัวข้อเดิมที่มีความหมายเฉพาะตรงกับมาตรฐานใหม่ ควรเริ่มใช้รหัสนี้กับเหตุการณ์ใหม่และทบทวนย้อนหลังเป็นรายเหตุการณ์หากจำเป็น
CSG301,เกิด TOA (Tubo-ovarian abscess) ใน PID (Pelvic Inflammatory Disease),[เป็นความเสี่ยงใหม่ ไม่พบในระบบเก่า],No Match,ไม่พบหัวข้อเดิมที่มีความหมายเฉพาะตรงกับมาตรฐานใหม่ ควรเริ่มใช้รหัสนี้กับเหตุการณ์ใหม่และทบทวนย้อนหลังเป็นรายเหตุการณ์หากจำเป็น
CSG303,เกิดภาวะวิกฤติใน Ectopic pregnancy (เช่น Rupture/Shock),[เป็นความเสี่ยงใหม่ ไม่พบในระบบเก่า],No Match,ไม่พบหัวข้อเดิมที่มีความหมายเฉพาะตรงกับมาตรฐานใหม่ ควรเริ่มใช้รหัสนี้กับเหตุการณ์ใหม่และทบทวนย้อนหลังเป็นรายเหตุการณ์หากจำเป็น
CSG304,เกิดภาวะวิกฤติใน Ovarian tumor (เช่น Rupture/Twist),[เป็นความเสี่ยงใหม่ ไม่พบในระบบเก่า],No Match,ไม่พบหัวข้อเดิมที่มีความหมายเฉพาะตรงกับมาตรฐานใหม่ ควรเริ่มใช้รหัสนี้กับเหตุการณ์ใหม่และทบทวนย้อนหลังเป็นรายเหตุการณ์หากจำเป็น
CSG305,เกิดภาวะแทรกซ้อนใน CIN (Cervical of intraepithelial neoplasia) (เช่น Persistence/Recurrent/CA Cervix) Inflammatory Disease),[เป็นความเสี่ยงใหม่ ไม่พบในระบบเก่า],No Match,ไม่พบหัวข้อเดิมที่มีความหมายเฉพาะตรงกับมาตรฐานใหม่ ควรเริ่มใช้รหัสนี้กับเหตุการณ์ใหม่และทบทวนย้อนหลังเป็นรายเหตุการณ์หากจำเป็น
CSG302,เกิดภาวะวิกฤติ ใน Abort (เช่น Embolism/Shock),[เป็นความเสี่ยงใหม่ ไม่พบในระบบเก่า],No Match,ไม่พบหัวข้อเดิมที่มีความหมายเฉพาะตรงกับมาตรฐานใหม่ ควรเริ่มใช้รหัสนี้กับเหตุการณ์ใหม่และทบทวนย้อนหลังเป็นรายเหตุการณ์หากจำเป็น
CSG306,เกิดภาวะแทรกซ้อนใน Myoma uteri (เช่น Hypermenorrhea/Infertile/Urinary Incontenence),[เป็นความเสี่ยงใหม่ ไม่พบในระบบเก่า],No Match,ไม่พบหัวข้อเดิมที่มีความหมายเฉพาะตรงกับมาตรฐานใหม่ ควรเริ่มใช้รหัสนี้กับเหตุการณ์ใหม่และทบทวนย้อนหลังเป็นรายเหตุการณ์หากจำเป็น
CSM103,เกิด Hypoxemia/Respiratory failure ในโรค Avian influenza,[เป็นความเสี่ยงใหม่ ไม่พบในระบบเก่า],No Match,ไม่พบหัวข้อเดิมที่มีความหมายเฉพาะตรงกับมาตรฐานใหม่ ควรเริ่มใช้รหัสนี้กับเหตุการณ์ใหม่และทบทวนย้อนหลังเป็นรายเหตุการณ์หากจำเป็น
CSM104,เกิด Hypoxemia/Respiratory failure ในโรค H1N1 influenza,[เป็นความเสี่ยงใหม่ ไม่พบในระบบเก่า],No Match,ไม่พบหัวข้อเดิมที่มีความหมายเฉพาะตรงกับมาตรฐานใหม่ ควรเริ่มใช้รหัสนี้กับเหตุการณ์ใหม่และทบทวนย้อนหลังเป็นรายเหตุการณ์หากจำเป็น
CSM105,เกิด Hypoxemia/Respiratory failure ในโรค SARS Hypermenorrhea/Infertile/Urinary Incontenence),[เป็นความเสี่ยงใหม่ ไม่พบในระบบเก่า],No Match,ไม่พบหัวข้อเดิมที่มีความหมายเฉพาะตรงกับมาตรฐานใหม่ ควรเริ่มใช้รหัสนี้กับเหตุการณ์ใหม่และทบทวนย้อนหลังเป็นรายเหตุการณ์หากจำเป็น
CSM101,เกิด Hypoxemia/Respiratory failure ใน Exacerbation of COPD,[เป็นความเสี่ยงใหม่ ไม่พบในระบบเก่า],No Match,ไม่พบหัวข้อเดิมที่มีความหมายเฉพาะตรงกับมาตรฐานใหม่ ควรเริ่มใช้รหัสนี้กับเหตุการณ์ใหม่และทบทวนย้อนหลังเป็นรายเหตุการณ์หากจำเป็น
CSM102,เกิด Hypoxemia/Respiratory failure ใน Severe asthma,[เป็นความเสี่ยงใหม่ ไม่พบในระบบเก่า],No Match,ไม่พบหัวข้อเดิมที่มีความหมายเฉพาะตรงกับมาตรฐานใหม่ ควรเริ่มใช้รหัสนี้กับเหตุการณ์ใหม่และทบทวนย้อนหลังเป็นรายเหตุการณ์หากจำเป็น
CSM301,เกิดภาวะ Hypokalemia ในโรค Acute/Chronic Diarrhea,[เป็นความเสี่ยงใหม่ ไม่พบในระบบเก่า],No Match,ไม่พบหัวข้อเดิมที่มีความหมายเฉพาะตรงกับมาตรฐานใหม่ ควรเริ่มใช้รหัสนี้กับเหตุการณ์ใหม่และทบทวนย้อนหลังเป็นรายเหตุการณ์หากจำเป็น
CSM302,เกิดภาวะ Hypovolemic Shock ในโรค Acute/Chronic Diarrhea,[เป็นความเสี่ยงใหม่ ไม่พบในระบบเก่า],No Match,ไม่พบหัวข้อเดิมที่มีความหมายเฉพาะตรงกับมาตรฐานใหม่ ควรเริ่มใช้รหัสนี้กับเหตุการณ์ใหม่และทบทวนย้อนหลังเป็นรายเหตุการณ์หากจำเป็น
CSM106,เกิดภาวะ Hypoxemia/Pneumothorax ในโรค PCP,[เป็นความเสี่ยงใหม่ ไม่พบในระบบเก่า],No Match,ไม่พบหัวข้อเดิมที่มีความหมายเฉพาะตรงกับมาตรฐานใหม่ ควรเริ่มใช้รหัสนี้กับเหตุการณ์ใหม่และทบทวนย้อนหลังเป็นรายเหตุการณ์หากจำเป็น
CSM107,เกิดภาวะ Hypoxemia/Respiratory failure ในโรค TB Lung,[เป็นความเสี่ยงใหม่ ไม่พบในระบบเก่า],No Match,ไม่พบหัวข้อเดิมที่มีความหมายเฉพาะตรงกับมาตรฐานใหม่ ควรเริ่มใช้รหัสนี้กับเหตุการณ์ใหม่และทบทวนย้อนหลังเป็นรายเหตุการณ์หากจำเป็น
CSM201,เกิด CHF/Arrhythmia/Cardiogenic shock ใน AMI,[PT/26] ผู้ ป่วย มี ภาวะ Cardiogenic Shock ใน ผู้ ป่วย MI,1-to-Many,รหัสเดิมระบุ cardiogenic shockใน MI ซึ่งเป็นส่วนหนึ่งของผลลัพธ์รหัสใหม่
CSM303,เกิดภาวะ Hypovolemic Shock ในโรค UGI Bleeding,[PT/29] ผู้ ป่วย UGIH มีค วาม เสี่ยง เสีย ชีวิต จาก การ ส่ง ต่อ ล่า ช้า,1-to-Many,รหัสเดิมเน้นความเสี่ยงเสียชีวิตจากส่งต่อล่าช้าใน UGIH ต้องยืนยันว่าเกิด hypovolemic shock
CSM401,เกิดภาวะ Brain herniation ในโรค Toxoplasmosis,[เป็นความเสี่ยงใหม่ ไม่พบในระบบเก่า],No Match,ไม่พบหัวข้อเดิมที่มีความหมายเฉพาะตรงกับมาตรฐานใหม่ ควรเริ่มใช้รหัสนี้กับเหตุการณ์ใหม่และทบทวนย้อนหลังเป็นรายเหตุการณ์หากจำเป็น
CSM402,เกิดภาวะ Brain herniation ในโรค CVA,[เป็นความเสี่ยงใหม่ ไม่พบในระบบเก่า],No Match,ไม่พบหัวข้อเดิมที่มีความหมายเฉพาะตรงกับมาตรฐานใหม่ ควรเริ่มใช้รหัสนี้กับเหตุการณ์ใหม่และทบทวนย้อนหลังเป็นรายเหตุการณ์หากจำเป็น
CSM403,เกิดภาวะ Aspirate pneumonia ในโรค CVA,[เป็นความเสี่ยงใหม่ ไม่พบในระบบเก่า],No Match,ไม่พบหัวข้อเดิมที่มีความหมายเฉพาะตรงกับมาตรฐานใหม่ ควรเริ่มใช้รหัสนี้กับเหตุการณ์ใหม่และทบทวนย้อนหลังเป็นรายเหตุการณ์หากจำเป็น
CSM404,เกิดภาวะ IICP ในโรค Cryptococcal meningitis,[เป็นความเสี่ยงใหม่ ไม่พบในระบบเก่า],No Match,ไม่พบหัวข้อเดิมที่มีความหมายเฉพาะตรงกับมาตรฐานใหม่ ควรเริ่มใช้รหัสนี้กับเหตุการณ์ใหม่และทบทวนย้อนหลังเป็นรายเหตุการณ์หากจำเป็น
CSM501,เกิด Internal bleeding จากการทํา Liver biopsy,[เป็นความเสี่ยงใหม่ ไม่พบในระบบเก่า],No Match,ไม่พบหัวข้อเดิมที่มีความหมายเฉพาะตรงกับมาตรฐานใหม่ ควรเริ่มใช้รหัสนี้กับเหตุการณ์ใหม่และทบทวนย้อนหลังเป็นรายเหตุการณ์หากจำเป็น
CSM502,เกิด Pneumothorax จากการทํา Bronchoscopy,[เป็นความเสี่ยงใหม่ ไม่พบในระบบเก่า],No Match,ไม่พบหัวข้อเดิมที่มีความหมายเฉพาะตรงกับมาตรฐานใหม่ ควรเริ่มใช้รหัสนี้กับเหตุการณ์ใหม่และทบทวนย้อนหลังเป็นรายเหตุการณ์หากจำเป็น
CSM503,เกิด Brain herniation จากการทํา Lumbar puncture,[เป็นความเสี่ยงใหม่ ไม่พบในระบบเก่า],No Match,ไม่พบหัวข้อเดิมที่มีความหมายเฉพาะตรงกับมาตรฐานใหม่ ควรเริ่มใช้รหัสนี้กับเหตุการณ์ใหม่และทบทวนย้อนหลังเป็นรายเหตุการณ์หากจำเป็น
CSM504,เกิด Gut perforation จากการทํา Gastroscopy/Colonoscopy,[เป็นความเสี่ยงใหม่ ไม่พบในระบบเก่า],No Match,ไม่พบหัวข้อเดิมที่มีความหมายเฉพาะตรงกับมาตรฐานใหม่ ควรเริ่มใช้รหัสนี้กับเหตุการณ์ใหม่และทบทวนย้อนหลังเป็นรายเหตุการณ์หากจำเป็น
CSM602,เกิดภาวะ Septic shock ในโรค Acute pyelonephritis,[เป็นความเสี่ยงใหม่ ไม่พบในระบบเก่า],No Match,ไม่พบหัวข้อเดิมที่มีความหมายเฉพาะตรงกับมาตรฐานใหม่ ควรเริ่มใช้รหัสนี้กับเหตุการณ์ใหม่และทบทวนย้อนหลังเป็นรายเหตุการณ์หากจำเป็น
CSM603,เกิดภาวะ Septic shock/Cardiac arrest ใน Sepsis,[PT/28] ผู้ ป่วย Sepsis ไม่ ได้ รับ การ รักษา ตาม แนวทาง ปฏิบัติ ที่ กําหนด,1-to-Many,ต้องยืนยันผลลัพธ์ septic shock/cardiac arrest
CSM604,เกิดภาวะ Severe acidosis ใน Lactic acidosis,[เป็นความเสี่ยงใหม่ ไม่พบในระบบเก่า],No Match,ไม่พบหัวข้อเดิมที่มีความหมายเฉพาะตรงกับมาตรฐานใหม่ ควรเริ่มใช้รหัสนี้กับเหตุการณ์ใหม่และทบทวนย้อนหลังเป็นรายเหตุการณ์หากจำเป็น
CSM601,เกิดภาวะ Sepsis/Malnutrition ใน Steven Johnson Syndrome,[เป็นความเสี่ยงใหม่ ไม่พบในระบบเก่า],No Match,ไม่พบหัวข้อเดิมที่มีความหมายเฉพาะตรงกับมาตรฐานใหม่ ควรเริ่มใช้รหัสนี้กับเหตุการณ์ใหม่และทบทวนย้อนหลังเป็นรายเหตุการณ์หากจำเป็น
CSM605,เกิดภาวะ Shock/Arrhythmia จากการทํา Hemodialysis,[เป็นความเสี่ยงใหม่ ไม่พบในระบบเก่า],No Match,ไม่พบหัวข้อเดิมที่มีความหมายเฉพาะตรงกับมาตรฐานใหม่ ควรเริ่มใช้รหัสนี้กับเหตุการณ์ใหม่และทบทวนย้อนหลังเป็นรายเหตุการณ์หากจำเป็น
CSM608,เกิดภาวะแทรกซ้อนฉุกเฉินในโรค ESRD (เช่น Fluid overload/Hyperkalemia),[เป็นความเสี่ยงใหม่ ไม่พบในระบบเก่า],No Match,ไม่พบหัวข้อเดิมที่มีความหมายเฉพาะตรงกับมาตรฐานใหม่ ควรเริ่มใช้รหัสนี้กับเหตุการณ์ใหม่และทบทวนย้อนหลังเป็นรายเหตุการณ์หากจำเป็น
CSM609,เกิดภาวะแทรกซ้อนฉุกเฉินในโรค HT (เช่น CVA/Encephalopathy),"[PT/23] เกิด ภาวะ แทรกซ้อน ใน ผู้ ป่วย ความ ดัน โลหิต สูง
[PT/23.01] hypertension Crisis
[PT/23.02] เกิด ภาวะ Stroke",Many-to-1,ชื่อเดิมถูกรวมเข้าสู่รหัสมาตรฐานใหม่ตามความหมายและขั้นตอนบริการที่ใกล้เคียงที่สุด
CSO101,กระดูกหักใกล้ข้อ/หลังเข้าเฝือก 24 ชั่วโมง แล้วเกิด,[เป็นความเสี่ยงใหม่ ไม่พบในระบบเก่า],No Match,ไม่พบหัวข้อเดิมที่มีความหมายเฉพาะตรงกับมาตรฐานใหม่ ควรเริ่มใช้รหัสนี้กับเหตุการณ์ใหม่และทบทวนย้อนหลังเป็นรายเหตุการณ์หากจำเป็น
CSM606,เกิดภาวะแทรกซ้อนฉุกเฉินในโรค DM (เช่น Hypoglycemia/DKA),"[PT/22] ผู้ ป่วย DM เกิด ภาวะ Hypoglycemia/ Hyperglycemia
[PT/22.01] Hypoglycemia ใน ผู้ ป่วย DM ขณะ รอ ตรวจ / ทํา หัตถการ
[PT/22.02] Hyperglycemia ใน ผู้ ป่วย DM ขณะ รอ ตรวจ / ทํา หัตถการ",Many-to-1,ชื่อเดิมถูกรวมเข้าสู่รหัสมาตรฐานใหม่ตามความหมายและขั้นตอนบริการที่ใกล้เคียงที่สุด
CSM607,เกิดภาวะแทรกซ้อนฉุกเฉินในโรค Dengue fever (เช่น Shock/Bleeding),[เป็นความเสี่ยงใหม่ ไม่พบในระบบเก่า],No Match,ไม่พบหัวข้อเดิมที่มีความหมายเฉพาะตรงกับมาตรฐานใหม่ ควรเริ่มใช้รหัสนี้กับเหตุการณ์ใหม่และทบทวนย้อนหลังเป็นรายเหตุการณ์หากจำเป็น
CSO105,เกิดภาวะแทรกซ้อนใน Hip replacement เช่น Dislocation/Sciatic nerve injury/Hematoma/Fracture,[เป็นความเสี่ยงใหม่ ไม่พบในระบบเก่า],No Match,ไม่พบหัวข้อเดิมที่มีความหมายเฉพาะตรงกับมาตรฐานใหม่ ควรเริ่มใช้รหัสนี้กับเหตุการณ์ใหม่และทบทวนย้อนหลังเป็นรายเหตุการณ์หากจำเป็น
CSO102,ดึงถ่วงน้ําหนักผ่านกระดูก แล้วเกิดการเปลี่ยนแปลงระบบ ไหลเวียนเลือดส่วนปลาย และระบบประสาท,[เป็นความเสี่ยงใหม่ ไม่พบในระบบเก่า],No Match,ไม่พบหัวข้อเดิมที่มีความหมายเฉพาะตรงกับมาตรฐานใหม่ ควรเริ่มใช้รหัสนี้กับเหตุการณ์ใหม่และทบทวนย้อนหลังเป็นรายเหตุการณ์หากจำเป็น
CSO103,เกิดภาวะแทรกซ้อนในโรค Long bone fracture เช่น Chest injury/Abdominal injury/C-spine injury/Fat embolism,[เป็นความเสี่ยงใหม่ ไม่พบในระบบเก่า],No Match,ไม่พบหัวข้อเดิมที่มีความหมายเฉพาะตรงกับมาตรฐานใหม่ ควรเริ่มใช้รหัสนี้กับเหตุการณ์ใหม่และทบทวนย้อนหลังเป็นรายเหตุการณ์หากจำเป็น
CSO104,เกิดภาวะแทรกซ้อนใน Total knee replacement เช่น Active blood loss/spinal shock,[เป็นความเสี่ยงใหม่ ไม่พบในระบบเก่า],No Match,ไม่พบหัวข้อเดิมที่มีความหมายเฉพาะตรงกับมาตรฐานใหม่ ควรเริ่มใช้รหัสนี้กับเหตุการณ์ใหม่และทบทวนย้อนหลังเป็นรายเหตุการณ์หากจำเป็น
CSO106,เกิดภาวะแทรกซ้อนใน Laminectomy/Discectomy เช่น Cauda equina syndrome/Nerve root injury,[เป็นความเสี่ยงใหม่ ไม่พบในระบบเก่า],No Match,ไม่พบหัวข้อเดิมที่มีความหมายเฉพาะตรงกับมาตรฐานใหม่ ควรเริ่มใช้รหัสนี้กับเหตุการณ์ใหม่และทบทวนย้อนหลังเป็นรายเหตุการณ์หากจำเป็น
CSP101,เกิด Apnea/RDS/BPD/ROP/NEC/Anemia ใน Preterm ที่ VLBW,[เป็นความเสี่ยงใหม่ ไม่พบในระบบเก่า],No Match,ไม่พบหัวข้อเดิมที่มีความหมายเฉพาะตรงกับมาตรฐานใหม่ ควรเริ่มใช้รหัสนี้กับเหตุการณ์ใหม่และทบทวนย้อนหลังเป็นรายเหตุการณ์หากจำเป็น
CSP102,เกิด Hypo-Hyperglycemia ใน Preterm ที่ VLBW,[เป็นความเสี่ยงใหม่ ไม่พบในระบบเก่า],No Match,ไม่พบหัวข้อเดิมที่มีความหมายเฉพาะตรงกับมาตรฐานใหม่ ควรเริ่มใช้รหัสนี้กับเหตุการณ์ใหม่และทบทวนย้อนหลังเป็นรายเหตุการณ์หากจำเป็น
CSP103,เกิด Hypo-Hyperthermia ใน Preterm ที่ VLBW,[เป็นความเสี่ยงใหม่ ไม่พบในระบบเก่า],No Match,ไม่พบหัวข้อเดิมที่มีความหมายเฉพาะตรงกับมาตรฐานใหม่ ควรเริ่มใช้รหัสนี้กับเหตุการณ์ใหม่และทบทวนย้อนหลังเป็นรายเหตุการณ์หากจำเป็น
CSP104,เกิด Hypo-Hyperglycemia/Polycythemia ใน Macrosomia/LGA/GDM,[เป็นความเสี่ยงใหม่ ไม่พบในระบบเก่า],No Match,ไม่พบหัวข้อเดิมที่มีความหมายเฉพาะตรงกับมาตรฐานใหม่ ควรเริ่มใช้รหัสนี้กับเหตุการณ์ใหม่และทบทวนย้อนหลังเป็นรายเหตุการณ์หากจำเป็น
CSP105,เกิด PPHN/Pneumothorax ใน MAS,[เป็นความเสี่ยงใหม่ ไม่พบในระบบเก่า],No Match,ไม่พบหัวข้อเดิมที่มีความหมายเฉพาะตรงกับมาตรฐานใหม่ ควรเริ่มใช้รหัสนี้กับเหตุการณ์ใหม่และทบทวนย้อนหลังเป็นรายเหตุการณ์หากจำเป็น
CSP201,เกิด Acidosis/Electrolyte Imbalance ในโรค Acute Diarrhea,[เป็นความเสี่ยงใหม่ ไม่พบในระบบเก่า],No Match,ไม่พบหัวข้อเดิมที่มีความหมายเฉพาะตรงกับมาตรฐานใหม่ ควรเริ่มใช้รหัสนี้กับเหตุการณ์ใหม่และทบทวนย้อนหลังเป็นรายเหตุการณ์หากจำเป็น
CSP202,เกิด Sepsis/Emphysema/IRDS/Hypoxia ในโรค Pneumonia,[เป็นความเสี่ยงใหม่ ไม่พบในระบบเก่า],No Match,ไม่พบหัวข้อเดิมที่มีความหมายเฉพาะตรงกับมาตรฐานใหม่ ควรเริ่มใช้รหัสนี้กับเหตุการณ์ใหม่และทบทวนย้อนหลังเป็นรายเหตุการณ์หากจำเป็น
CSP203,เกิด Shock/Bleeding/Pleural effusion ในโรค DHF,[PT/06] Hypovolimic Shock ใน ผู้ ป่วย DHF,1-to-Many,หัวข้อเดิม DHF hypovolemic shock ตรงกับองค์ประกอบ shock ของรหัสใหม่
CSS101,ทํา Perm-cath insertion แล้วเกิด Bleeding/Pneumothorax,[เป็นความเสี่ยงใหม่ ไม่พบในระบบเก่า],No Match,ไม่พบหัวข้อเดิมที่มีความหมายเฉพาะตรงกับมาตรฐานใหม่ ควรเริ่มใช้รหัสนี้กับเหตุการณ์ใหม่และทบทวนย้อนหลังเป็นรายเหตุการณ์หากจำเป็น
CSS103,เกิด Bowel gangrene ในโรค Hernia,[เป็นความเสี่ยงใหม่ ไม่พบในระบบเก่า],No Match,ไม่พบหัวข้อเดิมที่มีความหมายเฉพาะตรงกับมาตรฐานใหม่ ควรเริ่มใช้รหัสนี้กับเหตุการณ์ใหม่และทบทวนย้อนหลังเป็นรายเหตุการณ์หากจำเป็น
CSS104,เกิด Gut obstruction ในโรค Carcinoma of colon,[เป็นความเสี่ยงใหม่ ไม่พบในระบบเก่า],No Match,ไม่พบหัวข้อเดิมที่มีความหมายเฉพาะตรงกับมาตรฐานใหม่ ควรเริ่มใช้รหัสนี้กับเหตุการณ์ใหม่และทบทวนย้อนหลังเป็นรายเหตุการณ์หากจำเป็น
CSS105,เกิด Intracranial hemorrhage ในโรค Head injury,[เป็นความเสี่ยงใหม่ ไม่พบในระบบเก่า],No Match,ไม่พบหัวข้อเดิมที่มีความหมายเฉพาะตรงกับมาตรฐานใหม่ ควรเริ่มใช้รหัสนี้กับเหตุการณ์ใหม่และทบทวนย้อนหลังเป็นรายเหตุการณ์หากจำเป็น
CSS102,เกิด Bleeding with shock ในโรค Blunt abdominal injury,[เป็นความเสี่ยงใหม่ ไม่พบในระบบเก่า],No Match,ไม่พบหัวข้อเดิมที่มีความหมายเฉพาะตรงกับมาตรฐานใหม่ ควรเริ่มใช้รหัสนี้กับเหตุการณ์ใหม่และทบทวนย้อนหลังเป็นรายเหตุการณ์หากจำเป็น
CSS201,เกิด Bleeding ใน PCNC (Percutaneous Nephrocystostomy catheter),[เป็นความเสี่ยงใหม่ ไม่พบในระบบเก่า],No Match,ไม่พบหัวข้อเดิมที่มีความหมายเฉพาะตรงกับมาตรฐานใหม่ ควรเริ่มใช้รหัสนี้กับเหตุการณ์ใหม่และทบทวนย้อนหลังเป็นรายเหตุการณ์หากจำเป็น
CSS202,เกิด Hydro-pneumothorax ใน PCNC (Percutaneous Nephrocystostomy catheter),[เป็นความเสี่ยงใหม่ ไม่พบในระบบเก่า],No Match,ไม่พบหัวข้อเดิมที่มีความหมายเฉพาะตรงกับมาตรฐานใหม่ ควรเริ่มใช้รหัสนี้กับเหตุการณ์ใหม่และทบทวนย้อนหลังเป็นรายเหตุการณ์หากจำเป็น
CSS106,เกิด Rupture ในโรค Acute appendicitis,[เป็นความเสี่ยงใหม่ ไม่พบในระบบเก่า],No Match,ไม่พบหัวข้อเดิมที่มีความหมายเฉพาะตรงกับมาตรฐานใหม่ ควรเริ่มใช้รหัสนี้กับเหตุการณ์ใหม่และทบทวนย้อนหลังเป็นรายเหตุการณ์หากจำเป็น
CSS107,เกิด Sepsis ในโรค Acute cholecystitis,[เป็นความเสี่ยงใหม่ ไม่พบในระบบเก่า],No Match,ไม่พบหัวข้อเดิมที่มีความหมายเฉพาะตรงกับมาตรฐานใหม่ ควรเริ่มใช้รหัสนี้กับเหตุการณ์ใหม่และทบทวนย้อนหลังเป็นรายเหตุการณ์หากจำเป็น
CSS108,เกิด Sepsis ในโรค Cellulitis,[เป็นความเสี่ยงใหม่ ไม่พบในระบบเก่า],No Match,ไม่พบหัวข้อเดิมที่มีความหมายเฉพาะตรงกับมาตรฐานใหม่ ควรเริ่มใช้รหัสนี้กับเหตุการณ์ใหม่และทบทวนย้อนหลังเป็นรายเหตุการณ์หากจำเป็น
CSS203,เกิด Renal pelvis perforation ใน PCNC (Percutaneous Nephrocystostomy catheter),[เป็นความเสี่ยงใหม่ ไม่พบในระบบเก่า],No Match,ไม่พบหัวข้อเดิมที่มีความหมายเฉพาะตรงกับมาตรฐานใหม่ ควรเริ่มใช้รหัสนี้กับเหตุการณ์ใหม่และทบทวนย้อนหลังเป็นรายเหตุการณ์หากจำเป็น
GOI104,เกิดปัญหาด้าน User & IT Team เช่น ไม่มอบหมาย,[IM/07] บุคลากร ขาด ทักษะ ใน การ ใช้ งาน ใน โปรแกรม HOS-XP,1-to-Many,รหัสเดิมขาดทักษะ HOS-XP เป็นส่วนหนึ่งของปัญหา User & IT Team
GOI101,เกิดปัญหาด้าน Hardware/อุปกรณ์คอมพิวเตอร์ เช่น ไม่มี แผนบริหารจัดการ/ไม่เพียงพอ/ไม่พร้อมใช้/ใช้ไม่ตรง วัตถุประสงค์/ใช้ผิดวิธี- เทคนิค,"[IM/09] อุปกรณ์ คอมพิวเตอร์ ไม่ พร้อม ใช้
[IM/09.01] เครื่อง สํารอง ไฟ สําหรับ คอมพิวเตอร์ ไม่ ทํา งาน
[IM/09.02] เครื่อง ป ริ้น เตอร์ ขัดข้อง / เสียหาย",Many-to-1,ชื่อเดิมถูกรวมเข้าสู่รหัสมาตรฐานใหม่ตามความหมายและขั้นตอนบริการที่ใกล้เคียงที่สุด
GOI102,เกิดปัญหาด้าน Network & Security เช่น ไม่พร้อมใช้/ ระบบล่ม/มีการเข้าถึงโดยผู้ไม่มีสิทธิ์,[IM/10] ระบบ โปรแกรม คอมพิวเตอร์ (Software) ขัดข้อง (เช่น ระบบ อิน เต อร์เน็ต โปรแกรม Thai Refer Smart Que เป็นต้น),1-to-Many,ใช้เฉพาะส่วนเครือข่าย/การเข้าถึง ไม่รวมซอฟต์แวร์ทั่วไป
GOI103,เกิดปัญหาด้าน Software เช่น ไม่เข้ากับ hardware/ไม่ พร้อมใช้/ไม่ตอบสนองความต้องการ/ใช้ผิดวิธี-เทคนิค,[IM/10] ระบบ โปรแกรม คอมพิวเตอร์ (Software) ขัดข้อง (เช่น ระบบ อิน เต อร์เน็ต โปรแกรม Thai Refer Smart Que เป็นต้น),1-to-Many,ใช้เฉพาะปัญหาซอฟต์แวร์
GOI105,เกิดปัญหาด้านข้อมูล สารสนเทศ เช่น ไม่ถูกต้อง/ไม่ ครบถ้วน/ไม่น่าเชื่อถือ/ไม่เป็นปัจจุบัน,"[IM/02] ประวัติ ส่วนตัว ผู้ ป่วย คลาดเคลื่อน
[IM/03] รายการ / ข้อมูล ใน Hosxp ไม่ ขึ้น / ขึ้น ไม่ ครบ
[IM/08] เวช ระเบียน ขาด ความ สมบูรณ์ / การ ให้ รหัส โรค และ หัตถการ ไม่ ถูก ต้อง, ไม่ ครบถ้วน",Many-to-1,ชื่อเดิมถูกรวมเข้าสู่รหัสมาตรฐานใหม่ตามความหมายและขั้นตอนบริการที่ใกล้เคียงที่สุด
GOI106,"เกิดปัญหาด้านระบบ/กระบวนการสื่อสาร เช่น ไม่มีแผน/ วิธีการหรือช่องทางการสื่อสาร, ไม่สื่อสารหรือสื่อสารไม่ ต่อเนื่อง/ไม่ครบถ้วน, ขาดการติดตามประเมินผลการสื่อสาร","[CF2/01] การ รับ- ส่ง หนังสือ ราชการ ผิด พลาด
[CF2/01.01] การ พิมพ์ หนังสือ ราชการ ผิด
[CF2/01.02] ส่ง หนังสือ ไม่ทัน ตาม ระยะ เวลา ที่ กําหนด
[CF2/01.03] รับ- ส่ง เอกสาร หนังสือ ราชการ ไม่ ครบถ้วน
[CF2/01.04] หนังสือ ส่ง ออก ไม่ ตรง ตาม แบบ หลัก งาน สารบรรณ
[CF2/01.05] การ เขียน ภาษา ราชการ และ การ ใช้ สํานวน ราชการ ไม่ ถูก ต้อง
[CF2/02] หนังสือ ราชการ สูญ หาย",Many-to-1,กระบวนการรับส่งหนังสือและสารบรรณเป็นส่วนหนึ่งของระบบการสื่อสารองค์กร
GOI107,"โปรแกรม/ระบบสารสนเทศทางการแพทย์ เช่น HIS, LIS, โปรแกรมระบบยา ล่ม/ไม่สามารถใช้งานได้ นานเกินกว่า ระยะเวลาที่ประกันเวลาไว้","[IM/10.01] ระบบ PACS x-ray มี ปัญหา เกิน 15 นาที
[IM/10.02] ระบบ LIS มี ปัญหา ขัดข้อง
[IM/11] HOS-XP ขัดข้อง",Many-to-1,ชื่อเดิมถูกรวมเข้าสู่รหัสมาตรฐานใหม่ตามความหมายและขั้นตอนบริการที่ใกล้เคียงที่สุด
GOI108,โปรแกรม/ระบบสารสนเทศการบริการอื่นๆ ที่ไม่ใช่บริการ ทางการแพทย์ ล่ม/ไม่สามารถใช้งานได้ นานเกินกว่า ระยะเวลาที่ประกันเวลาไว้,[IM/10] ระบบ โปรแกรม คอมพิวเตอร์ (Software) ขัดข้อง (เช่น ระบบ อิน เต อร์เน็ต โปรแกรม Thai Refer Smart Que เป็นต้น),1-to-Many,ใช้เฉพาะระบบบริการที่ไม่ใช่ระบบทางการแพทย์
GOI202,"เกิดปัญหาด้านระบบบริหารการพัสดุ เช่น ไม่กําหนด ระเบียบ/แผนความต้องการและการจัดหา, ไม่มีทะเบียนคุม/ การตรวจรับ/การบํารุงรักษา, ขาดการควบคุมการแจกจ่าย/ การจําหน่าย","[CF3/01] ระบบ พัสดุ ไม่ เป็น ไป ตาม ระเบียบการ จัด ซื้อ จัดจ้า ง (พรบ. พัสดุ 2560)
[CF3/01.01] ไม่ มี เลข ที่ ครุภัณฑ์
[CF3/01.02] พัสดุ หมดอายุ
[CF3/01.03] การ เบิก- จ่าย พัสดุ ไม่ เป็น ไป ตาม ข้อกําหนด
[CF3/01.04] เบิก พัสดุ เร่ง ด่วน ไม่ เป็น ไป ตาม ข้อ ตกลง
[CF3/01.05] พัสดุ ไม่ ได้ คุณภาพ มาตรฐาน
[CF3/01.06] การ สั่ง ซื้อ พัสดุ ผิด ส เปก ที่ ต้องการ
[CF3/01.07] การ สั่ง ซื้อ ล่า ช้า
[CF3/01.08] จัด ซื้อ ไม่ ตรง ตาม แผน
[CF3/01.09] ไม่ มี แผนการ จัด ซื้อ
[CF3/01.10] สินค้า ขาด สต็อก (ของ ผู้ แทน จําหน่าย)
[CF3/01.11] การ เสนอ ผู้ มี อํานาจ เซ็น ต์อนุมัติ ผิด พลาด และ ล่า ช้า
[CF3/02] การ รายงาน เจ้าหนี้ การ ค้า ผิด พลาด
[CF3/02.01] ส่ง เจ้าหนี้ ล่า ช้า",Many-to-1,รวบรวมปัญหากระบวนการพัสดุและจัดซื้อจัดจ้าง
GOI203,เกิดปัญหาด้านการควบคุมการใช้ทรัพยากร เช่น จัดสรรไม่ เหมาะสม/ใช้ไม่คุ้ม-ไม่ถูกตามมาตรฐาน/บุคลากรไม่ปฏิบัติ ตามข้อกําหนด-ขาดทักษะการใช้,"[EN/07] สูญ เสีย ทรัพยากร น้ํา
[EN/07.01] เปิด น้ํา ทิ้ง ไว้
[EN/07.02] น้ํา รั่ว, น้ําซึม ทําให้ สูญ เสีย ทรัพยากร น้ํา
[EN/09] สูญ เสีย ทรัพยากร ไฟฟ้า
[EN/09.01] ไม่ ได้ ปิด เครื่อง อุปกรณ์ ไฟฟ้า ต่างๆ
[EN/09.02] เปิด ไฟ / เสียบ ปลั๊ก / เปิด พัดลม ทิ้ง ไว้",Many-to-1,ชื่อเดิมถูกรวมเข้าสู่รหัสมาตรฐานใหม่ตามความหมายและขั้นตอนบริการที่ใกล้เคียงที่สุด
GOI204,เกิดปัญหาด้านอุปกรณ์เทคโนโลยีทางการแพทย์/เครื่องมือ- อุปกรณ์การแพทย์ที่ไม่ใช่เครื่องมือ-อุปกรณ์ผ่าตัด (Error of Medical device) เช่น ไม่มีแผนบริหารจัดการ/ไม่เพียงพอ/ ไม่พร้อมใช้/ใช้ไม่ตรงวัตถุประสงค์/ใช้ผิดวิธี-เทคนิค,"[MI/01] เครื่องมือ แพทย์ ไม่ ได้ รับ การ สอบ เทียบ
[MI/02] การเต รี ยม พร้อม เครื่องมือ แพทย์ ผิด พลาด ไม่ พร้อม ใช้ งาน
[MI/03] ไม่ มี คู่มือ การ ใช้ งาน เครื่องมือ แพทย์
[MI/04] จัด ซื้อ จัดหา ครุภัณฑ์ ไม่ เพียงพอ
[MI/05] เครื่องมือ แพทย์ ชํารุด เสียหาย
[MI/07] เครื่องมือ แพทย์ สูญ หาย
[MI/08] ครุภัณฑ์ การ แพทย์ ชํารุด เสียหาย
[M/06] การ ซ่อม ครุภัณฑ์ การ แพทย์ / อุปกรณ์ ต่างๆ ล่า ช้า",Many-to-1,รวบรวมปัญหาเครื่องมือและอุปกรณ์การแพทย์ที่ไม่ใช่อุปกรณ์ผ่าตัด
GOI201,"เกิดปัญหาด้านการควบคุมทรัพย์สิน เช่น ไม่กําหนดระเบียบ/ ผู้รับผิดชอบ, ไม่มีทะเบียนคุม/เอกสารหลักฐานกํากับ, ขาด การตรวจสอบหรือสอบทาน","[EN/03] ทรัพย์สิน ทาง ราชการ สูญ หาย / เสียหาย (ไม่ รวม ของ เครื่องมือ แพทย์ และ อุปกรณ์ ทาง ไอ ที)
[EN/03.02] ทรัพย์สิน ถูก ทําลาย เกิด ความ เสียหาย
[EN/03.03] หนู กัด ทําลาย ยา เอกสาร อุปกรณ์ อื่นๆ
[EN/04] ทรัพย์สิน เจ้าหน้าที่ / ผู้ รับ บริการ สูญ หาย- เสียหาย",Many-to-1,ชื่อเดิมถูกรวมเข้าสู่รหัสมาตรฐานใหม่ตามความหมายและขั้นตอนบริการที่ใกล้เคียงที่สุด
GOL101,"เกิดปัญหาด้านการควบคุม กํากับดูแลด้านวิชาชีพ เช่น บุคลากรมีคุณสมบัติไม่เหมาะสมตามมาตรฐานวิชาชีพ, ละเลยการปฏิบัติหน้าที่ หรือปฏิบัติหน้าที่โดยไม่ใช้ความรู้ ตามหลักวิชาการ, ประพฤติตนและประกอบกิจแห่งวิชาชีพ โดยไม่ถูกต้องตามกฎหมาย",[HR/03] เจ้าหน้าที่ ไม่ ปฏิบัติ ตาม กฎเกณฑ์ ข้อ ตกลง หรือ ระเบียบ ที่ กําหนด,1-to-Many,รหัสเดิมไม่ปฏิบัติตามกฎกว้าง ต้องยืนยันว่าเป็นการกำกับดูแลวิชาชีพ
GOL102,เกิดเหตุการณ์การทุจริตในหน้าที่ หรือปฏิบัติโดยมีอคติ และ/ หรือใช้อํานาจหน้าที่เพื่อผลประโยชน์ส่วนตน,[เป็นความเสี่ยงใหม่ ไม่พบในระบบเก่า],No Match,ไม่พบหัวข้อเดิมที่มีความหมายเฉพาะตรงกับมาตรฐานใหม่ ควรเริ่มใช้รหัสนี้กับเหตุการณ์ใหม่และทบทวนย้อนหลังเป็นรายเหตุการณ์หากจำเป็น
GOI205,เกิดปัญหาด้านเครื่องมือ อุปกรณ์สํานักงาน หรือ เครื่องมือ อุปกรณ์อื่นๆ ที่ไม่ใช่เทคโนโลยีหรือเครื่องมือ-อุปกรณ์ การแพทย์ เช่น ไม่มีแผนบริหารจัดการ/ไม่เพียงพอ/ไม่พร้อม ใช้/ใช้ไม่ตรงวัตถุประสงค์/ใช้ผิดวิธี- เทคนิค,"[EN/19] เครื่องมือ ทั่วไป ไม่ พร้อม ใช้ / ไม่ เพียงพอ / ชํารุด
[EN/19.01] อุปกรณ์ ไฟฟ้า ชํารุด
[EN/19.04] โทรศัพท์ ของ รพ. ติดต่อ ไม่ ได้ / โทรศัพท์ ภายใน ใช้ ไม่ ได้
[EN/19.06] เครื่อง ปรับอากาศ ไม่ ทํา งาน / ชํารุด
[EN/19.08] ระบบ เสียง ตาม สาย โรง พยาบาล ไม่ พร้อม ใช้ งาน / ชํารุด
[EN/19.02] รถ ราชการ ไม่ พร้อม ใช้
[EN/19.03] ไม่ บํารุง รักษา รถ ราชการ ตาม ที่ กําหนด
[EN/19.07] อุปกรณ์ ดับ เพลิง ไม่ พร้อม ใช้ งาน / ไม่ มี / ไม่ เพียงพอ",Many-to-1,ชื่อเดิมถูกรวมเข้าสู่รหัสมาตรฐานใหม่ตามความหมายและขั้นตอนบริการที่ใกล้เคียงที่สุด
GOI206,เกิดปัญหาด้านเวชภัณฑ์ทางการแพทย์/เวชภัณฑ์ที่ไม่ใช่ยา เช่น ไม่มีแผนบริหารจัดการ/ไม่มีคุณภาพ/ไม่เพียงพอ/ หมดอายุหรืออยู่ในสภาพไม่พร้อมใช้งาน,"[IC/02.02] อุปกรณ์ ทางการ แพทย์ ที่ ปราศจาก เชื้อ หมดอายุ
[IC/02.03] อุปกรณ์ ทางการ แพทย์ ห่อ อุปกรณ์ ชํารุด / ไม่ เป็น ระบบ ปิด
[IC/02.04] การ จัด อุปกรณ์ ปราศจาก เชื้อ ไม่ เป็น ไป ตาม ระบบ FI-FO
[IC/02.05] พบ ของ หมดอายุ ที่ หน่วย งาน
[IC/13] เครื่องมือ แพทย์ ใน ห่อ อุปกรณ์ มี ไม่ ครบถ้วน / ไม่ เรียบร้อย
[CF3/01.02] พัสดุ หมดอายุ
[CF3/01.05] พัสดุ ไม่ ได้ คุณภาพ มาตรฐาน",Many-to-1,ชื่อเดิมถูกรวมเข้าสู่รหัสมาตรฐานใหม่ตามความหมายและขั้นตอนบริการที่ใกล้เคียงที่สุด
GOI207,เกิดปัญหาด้านเวชภัณฑ์ยา เช่น ไม่มีแผนบริหารจัดการ/ไม่มี คุณภาพ/ไม่เพียงพอ/หมดอายุหรืออยู่ในสภาพไม่พร้อมใช้งาน,"[PTC7/01] จัด เก็บ ผิด พลาด
[PTC7/01.01] จัด เก็บ ยา ไม่ ถูก ต้อง
[PTC7/01.02] คลัง ยา มี อุณหภูมิ / ความชื้น ไม่ เหมาะสม
[PTC7/01.03] ตู้ เย็น / ตู้ วัคซีน เสีย / อุณหภูมิ ไม่ เหมาะสม
[PTC7/01.04] มี ยา เสื่อม สภาพ / หมดอายุ ใน คลัง
[PTC7/02] จัด ซื้อ ยา และ เวชภัณฑ์ ยา ผิด พลาด
[PTC7/02.01] บริษัท ไม่ แจ้ง ยา ขาด ชั่วคราว / ทํา ออ ร์เด อร์ตกหล่น
[PTC7/02.02] ยา ขาด ชั่วคราว จาก บริษัท / แหล่ง ผลิต
[PTC7/02.03] ยา ขาด ชั่วคราว จาก การ บริหารเวชภัฑณ์
[PTC7/02.04] ยา ไม่ ส่ง ใน ระยะ เวลา ที่ กําหนด
[PTC7/02.05] ยา มี ราคา สูง กว่า ราคา กลาง ไม่ สามารถ จัด ซื้อ ได้
[PTC7/02.06] การ ส่ง ยา สภาพ หีบห่อ ไม่ เหมาะสม / มีค วาม เสียหาย ระหว่าง การ ขนส่ง
[PTC7/03] บริหาร คลัง เวชภัณฑ์ ยา ผิด พลาด
[PTC7/03.01] หน่วย งาน ไม่ ส่ง ใบเบิก ใน ช่วง ที่ กําหนด / ส่ง ล่า ช้า
[PTC7/03.02] ความคลาด เคลื่อน ใน การ จ่าย ยา แก่ หน่วย เบิก
[PTC7/03.03] มี ยา ไม่ พอ จ่าย",Many-to-1,รวบรวมการจัดเก็บ จัดซื้อ และบริหารคลังยา
GOM101,"เกิดปัญหาด้านการรับสมัคร บรรจุ แต่งตั้งบุคลากร เช่น ไม่มี การกําหนดกระบวนการคัดเลือก/ทักษะและความสามารถที่ จําเป็นกับตําแหน่ง, ไม่มีการเผยแพร่ข้อมูลการรับสมัคร/การ สอบคัดเลือก, ไม่มีคําสั่งเป็นลายลักษณ์อักษรโดยผู้บริหาร สูงสุด","[HR/05] การ สรร หา บุคคลากร ไม่ มี ประสิทธิภาพ
[HR/05.01] สรร หา บุคลากร ล่า ช้า / ไม่ ตรง ตาม ความ ต้องการ",Many-to-1,ชื่อเดิมถูกรวมเข้าสู่รหัสมาตรฐานใหม่ตามความหมายและขั้นตอนบริการที่ใกล้เคียงที่สุด
GOM102,"เกิดปัญหาด้านการบริหารจัดการเกี่ยวกับบุคลากร เช่น ไม่ กําหนดหน้าที่ความรับผิดชอบ/การเปลี่ยนแปลงที่สําคัญ เกี่ยวกับการมอบหมายงานเป็นลายลักษณ์อักษร, ไม่มีการ จัดทําแนวทางการปฏิบัติเรื่องค่าตอบแทน, การเลื่อนขั้น เงินเดือนไม่มีการพิจารณาอนุมัติและจัดทําเป็นลายลักษณ์ อักษร","[HR/03.01] เจ้าหน้าที่ ไม่ ปฏิบัติ งาน ตาม ที่ ได้ รับ มอบหมาย / ไม่ มี เจ้าหน้าที่ ปฏิบัติ งาน
[HR/03.02] ติดต่อ เจ้าหน้าที่ ไม่ ได้
[HR/03.03] ไม่ ปฏิบัติ ตาม ระเบียบการ ขอ ใช้ รถ
[HR/03.04] เจ้าหน้าที่ มา ปฏิบัติ งาน ล่า ช้า / ไม่ ตรง เวลา
[HR/03.05] ไม่ ส่ง ใบลา / ส่ง ล่า ช้า
[HR/04] ประสิทธิภาพ ของ การ ประเมิน ผล งาน ไม่ เพียงพอ
[HR/06] การ แบ่ง ภาระ งาน ไม่ เหมาะสม กับ จํานวน คน
[HR/06.01] ตาราง เวร ออก ล่า ช้า / ไม่ มี การ จัด เวร on call
[HR/06.02] บุคลากร ไม่ เพียงพอ
[HR/07] การ หมุนเวียน ทดแทน กําลัง คน ไม่ เหมาะสม
[HR/07.01] จน ท. ติด ประชุม / ลา ไม่ มี ผู้ รับ งาน แทน",Many-to-1,ชื่อเดิมถูกรวมเข้าสู่รหัสมาตรฐานใหม่ตามความหมายและขั้นตอนบริการที่ใกล้เคียงที่สุด
GOM103,"เกิดปัญหาด้านการพัฒนาบุคลากร เช่น ไม่มีการจัดสรร งบประมาณ/ทรัพยากร/เครื่องมือ และการจัดฝึกอบรม, ไม่มี การพิจารณาความต้องการฝึกอบรมของบุคลากรเพื่อพัฒนา ทักษะ","[HR/01] บุคลากร / เจ้าหน้าที่ ไม่ ได้ รับ การ พัฒนา ศักยภาพ ประชุม / อบรม ตาม เกณฑ์ 10 วัน / คน / ปี
[HR/02] ไม่ ได้ รับ การ อบรม ตาม แผน พัฒนา บุคลากร / สมรรถนะ ที่ จําเป็น
[HR/03.06] เจ้าหน้าที่ ไป อบรม / พัฒนา บุคลากร นอก แผน (มี ค่า ลง ทะเบียน)",Many-to-1,ชื่อเดิมถูกรวมเข้าสู่รหัสมาตรฐานใหม่ตามความหมายและขั้นตอนบริการที่ใกล้เคียงที่สุด
GOM201,เกิดปัญหาด้านการควบคุมสภาพแวดล้อมของการดําเนินงาน เช่น เอกสารกระบวนการดําเนินงานไม่เป็นปัจจุบัน/ไม่มีกฎ ระเบียบ ความรับผิดชอบที่ชัดเจน/ขาดการติดตามผลและ วางแผนป้องกัน,[HR/03] เจ้าหน้าที่ ไม่ ปฏิบัติ ตาม กฎเกณฑ์ ข้อ ตกลง หรือ ระเบียบ ที่ กําหนด,1-to-Many,หัวข้อเดิมกว้าง ต้องยืนยันว่าเป็นปัญหากระบวนการดำเนินงาน
GOP101,เกิดปัญหาด้านการควบคุมภารกิจ เช่น ไม่กําหนด วัตถุประสงค์-เป้าหมายการดําเนินงาน/ภารกิจไม่ชัดเจนเป็น ลายลักษณ์อักษร/ขาดการประกาศสื่อสารภารกิจ,[เป็นความเสี่ยงใหม่ ไม่พบในระบบเก่า],No Match,ไม่พบหัวข้อเดิมที่มีความหมายเฉพาะตรงกับมาตรฐานใหม่ ควรเริ่มใช้รหัสนี้กับเหตุการณ์ใหม่และทบทวนย้อนหลังเป็นรายเหตุการณ์หากจำเป็น
GOP201,"เกิดปัญหาด้านกระบวนการบริการ เช่น ไม่มีการกําหนด มาตรฐานขั้นตอนกระบวนการบริการ, ให้บริการไม่ ครอบคลุม/ไม่พร้อม/ไม่ตรงตามช่วงระยะเวลา","[PT/13] การ ดูแล รักษา ล่า ช้า
[PT/13.01] ระยะ เวลา การ รอ คอย รับ บริการ นาน / เกิน เวลา ที่ กําหนด
[ES5/01] ข้อ ร้องเรียน ได้ รับ บริการ ล่า ช้า",Many-to-1,ชื่อเดิมถูกรวมเข้าสู่รหัสมาตรฐานใหม่ตามความหมายและขั้นตอนบริการที่ใกล้เคียงที่สุด
GOS101,เกิดปัญหาด้านการควบคุมการวางแผน เช่น ไม่มีแผนปฏิบัติ การ-แผนไม่ครอบคลุม/การสื่อสารแผน/การมอบหมาย ผู้รับผิดชอบ/ไม่กําหนดวัตถุประสงค์,[เป็นความเสี่ยงใหม่ ไม่พบในระบบเก่า],No Match,ไม่พบหัวข้อเดิมที่มีความหมายเฉพาะตรงกับมาตรฐานใหม่ ควรเริ่มใช้รหัสนี้กับเหตุการณ์ใหม่และทบทวนย้อนหลังเป็นรายเหตุการณ์หากจำเป็น
GOS102,เกิดปัญหาด้านการควบคุมกระบวนการปฏิบัติงาน เช่น ไม่ กําหนดกระบวนการปฏิบัติงานที่สําคัญ/ขาดการประเมิน ประสิทธิภาพ/ขาดการติดตามผล/ไม่มีการปรับปรุงแก้ไข ข้อเสนอแนะ,[HR/03] เจ้าหน้าที่ ไม่ ปฏิบัติ ตาม กฎเกณฑ์ ข้อ ตกลง หรือ ระเบียบ ที่ กําหนด,1-to-Many,ใช้เฉพาะปัญหาการควบคุมกระบวนการปฏิบัติงาน
GOS202,ห้องน้ําหรือห้องสุขาไม่พร้อมใช้ (เช่น ชํารุด/กดชักโครกไม่ ลง/ส้วมเต็ม/ไม่พอใช้) หรือไม่สะดวกต่อผู้พิการ,[EN/10.02] ห้องน้ํา / สถาน ที่ ใน รพ. ส่งกลิ่น เหม็น,1-to-Many,รหัสเดิมกล่าวถึงกลิ่นห้องน้ำ ต้องตรวจว่าห้องน้ำไม่พร้อมใช้ตามนิยามใหม่
GOS301,อันตรายจากภัยธรรมชาติ อุทกภัย อัคคีภัย วาตภัย,"[EN/16] อัคคีภัย (ไฟ ไหม้)
[EN/17] แผ่นดินไหว / ดิน โคลน ถล่ม
[EN/18] อุทกภัย
[EN/03.04] ออกซิเจน รั่ว / ระเบิด",Many-to-1,ชื่อเดิมถูกรวมเข้าสู่รหัสมาตรฐานใหม่ตามความหมายและขั้นตอนบริการที่ใกล้เคียงที่สุด
GPE101,อันตรายจากโครงสร้างอาคารสถานที่และสิ่งแวดล้อมเชิง กายภาพ เช่น แสง เสียง ฝุ่นละออง มีเชื้อรา เป็นต้น,"[EN/10] มล ภาวะ ทาง อากาศ 2. ด้าน สาธารณูปโภค /สิ่งแวดล้อม / ความ ปลอดภัย /เครื่องมือ และ อุปกรณ์ ทั่วไป (ENV) 2. ด้าน สาธารณูปโภค /สิ่งแวดล้อม / ความ ปลอดภัย /เครื่องมือ และ อุปกรณ์ ทั่วไป (ENV)
[EN/10.01] ควัน ฝุ่น กลิ่น รุนแรง
[EN/10.02] ห้องน้ํา / สถาน ที่ ใน รพ. ส่งกลิ่น เหม็น
[EN/10.03] สูบ บุหรี่ ใน รพ.
[EN/10.04] เผา ขยะ / เศษ หญ้า แห้ง ใน โรง พยาบาล
[EN/10.05] กลิ่น ขยะ รบกวน
[EN/10.06] กลิ่น จาก การ ประกอบอาหาร รบกวน
[EN/10.07] กลิ่น ควัน รถ จาก การ ไม่ ดับเครื่อง ยนต์ ใน โรง พยาบาล
[EN/12] มล ภาวะ ทาง เสียง / แสง / ความ ร้อน
[EN/12.01] แสงสว่าง ไม่ เพียงพอ ต่อ การ ปฎิบัติงาน
[EN/12.02] เสียง ดัง รบกวน
[EN/15.06] เชื้อรา จาก เพดาน และ เครื่อง ปรับอากาศ
[EN/20] โครงสร้าง / อาคาร เสื่อม สภาพ / ชํารุด ต้อง ได้ รับ การ ซ่อมแซม
[EN/19.06] เครื่อง ปรับอากาศ ไม่ ทํา งาน / ชํารุด",Many-to-1,ชื่อเดิมถูกรวมเข้าสู่รหัสมาตรฐานใหม่ตามความหมายและขั้นตอนบริการที่ใกล้เคียงที่สุด
GOS103,เกิดปัญหาด้านการติดตามประเมินผล เช่น ไม่มีการประเมิน ความคืบหน้า/ไม่เปรียบเทียบผลการใช้จ่ายเงิน/ไม่แจ้งผล การประเมินให้ทราบ/ไม่ได้ทบทวนวัตถุประสงค์-แผนและ กระบวนการดําเนินงาน,[HR/04] ประสิทธิภาพ ของ การ ประเมิน ผล งาน ไม่ เพียงพอ,1-to-Many,ชื่อเดิมถูกรวมเข้าสู่รหัสมาตรฐานใหม่ตามความหมายและขั้นตอนบริการที่ใกล้เคียงที่สุด
GOS201,อาคารสถานที่/พื้นที่ให้บริการ ไม่เหมาะสม/ไม่ปลอดภัย/ไม่ ถูกสุขลักษณะ,"[EN/02] ผู้ ป่วย / ญาติ ได้ รับ อุบัติเหตุ / เจ็บป่วย จาก สิ่งแวดล้อม ใน รพ.
[EN/02.01] อุบัติเหตุ ล้ม จาก พื้น เปียก
[EN/02.02] ตก ร่อง ระบาย น้ํา
[EN/02.03] อุบัติเหตุ ตก จาก ทาง ต่าง ระดับ, ทาง ลาด ชัน
[EN/02.04] สัตว์ มี พิษ หรือ ไม่ มี พิษ กัด / ต่อย เช่น ยุง งู สุนัข จรจัด แมว
[EN/02.05] อุบัติเหตุ ล้ม จาก พื้น ลื่น
[EN/14] สัตว์ มี พิษ / พาหะ นํา เชื้อโรค เข้า มา ที่ ทํา งาน / บ้านพัก เจ้าหน้าที่
[EN/15] สถาน ที่ / สิ่งแวดล้อม ไม่ เป็น ระเบียบ เรียบร้อย
[EN/15.03] พื้น สกปรก
[EN/15.04] สาย ไฟ ระโยงระยาง ไม่ เป็น ระเบียบ
[EN/15.07] หญ้า ขึ้น รก
[EN/15.08] จอด รถ ใน จุด ห้าม จอด
[EN/15.09] จอด รถ ขวาง ทาง- ไม่ เป็น ระเบียบ
[EN/20] โครงสร้าง / อาคาร เสื่อม สภาพ / ชํารุด ต้อง ได้ รับ การ ซ่อมแซม
[EN/20.01] ฝา ราง ระบาย น้ํา ชํารุด
[EN/20.02] น้ํา รั่ว จาก ฝ้า เพดาน
[EN/21] โครงสร้าง / อาคาร ถูก ทําให้ เกิด ความ เสียหาย
[EN/22] โครงสร้าง / อาคาร ไม่ มี การ แสดง สัญลักษณ์ หรือ แสดง ไม่ ชัดเจน",Many-to-1,ชื่อเดิมถูกรวมเข้าสู่รหัสมาตรฐานใหม่ตามความหมายและขั้นตอนบริการที่ใกล้เคียงที่สุด
GPE204,บุคลากรได้ทํางานในตําแหน่งที่ไม่มีความชํานาญ และไม่มี การเตรียมความพร้อม,"[HR/02] ไม่ ได้ รับ การ อบรม ตาม แผน พัฒนา บุคลากร / สมรรถนะ ที่ จําเป็น
[HR/07] การ หมุนเวียน ทดแทน กําลัง คน ไม่ เหมาะสม",Many-to-1,จับคู่เมื่อปฏิบัติงานโดยไม่มีสมรรถนะ/การเตรียมพร้อม
GPE201,บุคลากรได้รับผลกระทบ Psychosocial factors จาก ผู้บังคับบัญชา หรือเพื่อนร่วมงาน,[HR/09] การ จัด กิจกรรม สร้าง ความ สัมพันธ์ ใน องค์กร ไม่ เพียงพอ,1-to-Many,รหัสเดิมสะท้อนความสัมพันธ์องค์กรโดยอ้อม ควรทบทวนเหตุจริง
GPE202,บุคลากรไม่มี work-life balance,"[HR/06] การ แบ่ง ภาระ งาน ไม่ เหมาะสม กับ จํานวน คน
[HR/08] ไม่ มี สวัสดิการ ที่ เพียงพอ ต่อ ความ ต้องการ ของ เจ้าหน้าที่",Many-to-1,การกระจายภาระงาน/สวัสดิการอาจสัมพันธ์กับ work-life balance
GPE203,บรรยากาศในการทํางานและสภาวะแวดล้อมไม่เหมาะสม,"[HR/08] ไม่ มี สวัสดิการ ที่ เพียงพอ ต่อ ความ ต้องการ ของ เจ้าหน้าที่
[HR/09] การ จัด กิจกรรม สร้าง ความ สัมพันธ์ ใน องค์กร ไม่ เพียงพอ",Many-to-1,ชื่อเดิมถูกรวมเข้าสู่รหัสมาตรฐานใหม่ตามความหมายและขั้นตอนบริการที่ใกล้เคียงที่สุด
GPE301,บุคลากรได้รับภัยคุกคามหรือถูกทําร้ายทางวาจาจากบุคคล ภายใน,[EN/05.01] มี การ คุกคาม / ข่มขู่ / ทะเลาะ วิวาท / ทําร้าย ร่างกาย,1-to-Many,ต้องระบุผู้ก่อเหตุเป็นบุคคลภายในและเป็นการคุกคามทางวาจา
GPE302,บุคลากรได้รับภัยคุกคามหรือถูกทําร้ายทางกายจากบุคคล ภายใน,[EN/05.01] มี การ คุกคาม / ข่มขู่ / ทะเลาะ วิวาท / ทําร้าย ร่างกาย,1-to-Many,ต้องระบุผู้ก่อเหตุเป็นบุคคลภายในและเป็นการทำร้ายทางกาย
GPE303,บุคลากรได้รับภัยคุกคามหรือถูกทําร้ายทางวาจาจากผู้ป่วย และญาติหรือบุคคลภายนอก,"[EN/05.01] มี การ คุกคาม / ข่มขู่ / ทะเลาะ วิวาท / ทําร้าย ร่างกาย
[ES2/01] ข้อ ร้องเรียน ผู้ รับ บริการ พูด ไม่ ไพเราะ ต่อ บุคลากร",Many-to-1,ชื่อเดิมถูกรวมเข้าสู่รหัสมาตรฐานใหม่ตามความหมายและขั้นตอนบริการที่ใกล้เคียงที่สุด
GPE304,บุคลากรได้รับภัยคุกคามหรือถูกทําร้ายทางกายจากผู้ป่วย และญาติหรือบุคคลภายนอก,"[EN/05.01] มี การ คุกคาม / ข่มขู่ / ทะเลาะ วิวาท / ทําร้าย ร่างกาย
[ES2/02] ข้อ ร้องเรียน ผู้ รับ บริการ แสดงออก ทาง กาย ทาง กาย ต่อ บุคลากร",Many-to-1,ชื่อเดิมถูกรวมเข้าสู่รหัสมาตรฐานใหม่ตามความหมายและขั้นตอนบริการที่ใกล้เคียงที่สุด
GPE305,เกิดกรณีความไม่สงบในสถานพยาบาล เช่น เมาสุราอาละวาด,[EN/05.02] ผู้ ป่วย ญาติ เอะอะ โวยวาย,1-to-1,ชื่อเดิมถูกรวมเข้าสู่รหัสมาตรฐานใหม่ตามความหมายและขั้นตอนบริการที่ใกล้เคียงที่สุด
GPI101,บุคลากรถูกวัสดุอุปกรณ์มีคมทิ่มตํา,"[IC/03] การ เกิด อุบัติเหตุ จาก ของ มี คม / สัมผัส เลือด / สัมผัส สาร คัด หลั่ง
[IC/03.01] อุบัติเหตุ ของ มี คม ทิ่ม ตํา เช่น เข็ม, มีด ผ่า ตัด ที่"" เปื้อน เลือด หรือ สาร คัด หลั่ง",Many-to-1,ชื่อเดิมถูกรวมเข้าสู่รหัสมาตรฐานใหม่ตามความหมายและขั้นตอนบริการที่ใกล้เคียงที่สุด
GPI102,บุคลากรสัมผัสเลือดหรือสารคัดหลั่งบริเวณเยื่อบุหรือผิวหนัง ที่มีแผล (mucous membrane and non-intact skin exposure to blood and body fluid),"[IC/03] การ เกิด อุบัติเหตุ จาก ของ มี คม / สัมผัส เลือด / สัมผัส สาร คัด หลั่ง
[IC/03.02] เลือด หรือ สาร คัด หลั่ง กระเด็น เข้า ตา, ปาก หรือ เยื่อ บุ",Many-to-1,ชื่อเดิมถูกรวมเข้าสู่รหัสมาตรฐานใหม่ตามความหมายและขั้นตอนบริการที่ใกล้เคียงที่สุด
GPI103,"บุคลากรไม่ได้รับการสร้างภูมิคุ้มกันโรคก่อนสัมผัส (pre-exposure prophylaxis, active immunization) ที่ เหมาะสมตามลําดับความสําคัญและหน้าที่",[เป็นความเสี่ยงใหม่ ไม่พบในระบบเก่า],No Match,ไม่พบหัวข้อเดิมที่มีความหมายเฉพาะตรงกับมาตรฐานใหม่ ควรเริ่มใช้รหัสนี้กับเหตุการณ์ใหม่และทบทวนย้อนหลังเป็นรายเหตุการณ์หากจำเป็น
GPI104,"บุคลากรไม่ได้รับการป้องกันการติดเชื้อหลังสัมผัสเชื้อที่อาจ ก่อโรคได้จากการปฏิบัติงาน (post-exposure prophylaxis, passive immunization)",[เป็นความเสี่ยงใหม่ ไม่พบในระบบเก่า],No Match,ไม่พบหัวข้อเดิมที่มีความหมายเฉพาะตรงกับมาตรฐานใหม่ ควรเริ่มใช้รหัสนี้กับเหตุการณ์ใหม่และทบทวนย้อนหลังเป็นรายเหตุการณ์หากจำเป็น
GPI203,บุคลากรติดเชื้อที่แพร่ทางการสัมผัส (contact transmission) จากการปฏิบัติงาน เช่น เอชไอวี ตับอักเสบ บี ตับอักเสบซี ฯลฯ,[IC/15] บุคลากร ติด เชื้อ จาก การ ทํา งาน,1-to-Many,หัวข้อเดิมบุคลากรติดเชื้อจากงานกว้าง ต้องจำแนกช่องทางแพร่เชื้อ
GPI204,บุคลากรติดเชื้อที่แพร่ผ่านพาหะ (vector borne transmission) จากการปฏิบัติงาน เช่น ไข้เลือดออก ซิก้า ฯลฯ,[IC/15] บุคลากร ติด เชื้อ จาก การ ทํา งาน,1-to-Many,หัวข้อเดิมบุคลากรติดเชื้อจากงานกว้าง ต้องจำแนกช่องทางแพร่เชื้อ
GPI201,บุคลากรติดเชื้อที่แพร่ทางอากาศ (airborne transmission) จากการปฏิบัติงาน ได้แก่ วัณโรค หัด และอีสุกอีใส,[IC/15] บุคลากร ติด เชื้อ จาก การ ทํา งาน,1-to-Many,หัวข้อเดิมบุคลากรติดเชื้อจากงานกว้าง ต้องจำแนกช่องทางแพร่เชื้อ
GPI202,บุคลากรติดเชื้อที่แพร่ผ่านละอองฝอย (droplet transmission) จากการปฏิบัติงาน เช่น ไข้หวัดใหญ่ หัด เยอรมัน ฯลฯ,[IC/15] บุคลากร ติด เชื้อ จาก การ ทํา งาน,1-to-Many,หัวข้อเดิมบุคลากรติดเชื้อจากงานกว้าง ต้องจำแนกช่องทางแพร่เชื้อ
GPL101,อุปกรณ์บนรถพยาบาลไม่พร้อมใช้ ไม่เหมาะสมและไม่ ปลอดภัยสําหรับการส่งต่อผู้ป่วย,"[MI/02] การเต รี ยม พร้อม เครื่องมือ แพทย์ ผิด พลาด ไม่ พร้อม ใช้ งาน
[MI/05] เครื่องมือ แพทย์ ชํารุด เสียหาย
[MI/08] ครุภัณฑ์ การ แพทย์ ชํารุด เสียหาย",Many-to-1,ใช้เฉพาะอุปกรณ์บนรถพยาบาล
GPL102,บุคคลากรที่เกิดอุบัติเหตุจากการคมนาคมหรือการเดินทาง โดยระบบขนส่งสาธารณะระหว่างการปฏิบัติงาน,[EN/01.07] อุบัติเหตุ ขณะ ออก เดินทาง ปฏิบัติ งาน นอก พื้นที่,1-to-1,ชื่อเดิมถูกรวมเข้าสู่รหัสมาตรฐานใหม่ตามความหมายและขั้นตอนบริการที่ใกล้เคียงที่สุด
GPL103,บุคลากรเสียชีวิตหรือบาดเจ็บจากการปฏิบัติหน้าที่ระหว่าง การส่งต่อผู้ป่วยด้วยรถพยาบาล,"[EN/01.07] อุบัติเหตุ ขณะ ออก เดินทาง ปฏิบัติ งาน นอก พื้นที่
[PT/35] รถ refer ไป ส่ง ผู้ ป่วย เกิด อุบัติเหตุ",Many-to-1,ใช้เฉพาะบุคลากรบาดเจ็บ/เสียชีวิตระหว่างส่งต่อ
GPL104,เกิดอุบัติเหตุของรถพยาบาลระหว่างปฏิบัติหน้าที่,[PT/35] รถ refer ไป ส่ง ผู้ ป่วย เกิด อุบัติเหตุ,1-to-1,ชื่อเดิมถูกรวมเข้าสู่รหัสมาตรฐานใหม่ตามความหมายและขั้นตอนบริการที่ใกล้เคียงที่สุด
GPL105,พนักงานขับรถมีสภาพไม่พร้อมสมบูรณ์สําหรับการขับ รถพยาบาล เช่น พักผ่อนน้อย อายุมาก ดื่มสุรา,[เป็นความเสี่ยงใหม่ ไม่พบในระบบเก่า],No Match,ไม่พบหัวข้อเดิมที่มีความหมายเฉพาะตรงกับมาตรฐานใหม่ ควรเริ่มใช้รหัสนี้กับเหตุการณ์ใหม่และทบทวนย้อนหลังเป็นรายเหตุการณ์หากจำเป็น
GPL106,พนักงานขับรถไม่ปฏิบัติตามแนวทางความปลอดภัยของรถ บริการการแพทย์ฉุกเฉิน และรถพยาบาล เช่น ขับรถเร็วเกิน กว่ากําหนด,[เป็นความเสี่ยงใหม่ ไม่พบในระบบเก่า],No Match,ไม่พบหัวข้อเดิมที่มีความหมายเฉพาะตรงกับมาตรฐานใหม่ ควรเริ่มใช้รหัสนี้กับเหตุการณ์ใหม่และทบทวนย้อนหลังเป็นรายเหตุการณ์หากจำเป็น
GPL201,บุคลากรไม่ปฏิบัติตามแนวทางการให้ข้อมูลด้านสุขภาพแก่ ผู้รับบริการ,[PT/15.01] ไม่ ให้ ข้อมูล กับ ผู้ ป่วย ก่อน รักษา / ก่อน ลงชื่อ ยินยอม ไม่ ให้ ผู้ ป่วย / ญาติ เซ็นต์ ใบ ยินยอม การ รักษา,1-to-Many,รหัสเดิมไม่ให้ข้อมูลก่อนรักษาเป็นส่วนหนึ่งของการให้ข้อมูลสุขภาพ
GPL202,บุคลากรให้ข้อมูลไม่ครบถ้วนแก่ผู้ป่วยและญาติ,"[PT/15.01] ไม่ ให้ ข้อมูล กับ ผู้ ป่วย ก่อน รักษา / ก่อน ลงชื่อ ยินยอม ไม่ ให้ ผู้ ป่วย / ญาติ เซ็นต์ ใบ ยินยอม การ รักษา
[PT/15.02] ไม่ ให้ ผู้ ป่วย มี โอกาส ตัดสินใจ / เลือก วิธี รักษา",Many-to-1,ชื่อเดิมถูกรวมเข้าสู่รหัสมาตรฐานใหม่ตามความหมายและขั้นตอนบริการที่ใกล้เคียงที่สุด
GPL203,บุคลากรบันทึกข้อมูลในเวชระเบียนไม่ครบถ้วน ไม่ถูกต้อง,"[PT/11] การ ลง ข้อมูล ประวัติการ รักษา ผิด พลาด / ผิด ไม่ ครบถ้วน / ไม่ ถูก ต้อง
[IM/08] เวช ระเบียน ขาด ความ สมบูรณ์ / การ ให้ รหัส โรค และ หัตถการ ไม่ ถูก ต้อง, ไม่ ครบถ้วน",Many-to-1,ชื่อเดิมถูกรวมเข้าสู่รหัสมาตรฐานใหม่ตามความหมายและขั้นตอนบริการที่ใกล้เคียงที่สุด
GPL204,บุคลากรแก้ไขข้อมูลในเวชระเบียนโดยไม่ถูกต้องตาม แนวทางและข้อกําหนดตามกฎหมาย,[PT/11] การ ลง ข้อมูล ประวัติการ รักษา ผิด พลาด / ผิด ไม่ ครบถ้วน / ไม่ ถูก ต้อง,1-to-Many,ต้องยืนยันว่าเป็นการแก้ไขเวชระเบียนไม่ถูกต้องตามข้อกำหนด
GPL205,เกิดปัญหาด้านการบริหารจัดการ/การเก็บรักษาเวชระเบียน เช่น เวชระเบียนสูญหาย ผู้ป่วยคนเดียวมีเวชระเบียนสอง ฉบับ เป็นต้น,[IM/06] ข้อมูล เวช ระเบียน สูญ หาย / หาไม่ พบ เมื่อ ต้องการ ใช้ งาน,1-to-1,ชื่อเดิมถูกรวมเข้าสู่รหัสมาตรฐานใหม่ตามความหมายและขั้นตอนบริการที่ใกล้เคียงที่สุด
GPM101,เจ้าหน้าที่ทะเลาะกันในขณะปฏิบัติงาน,[EN/05.01] มี การ คุกคาม / ข่มขู่ / ทะเลาะ วิวาท / ทําร้าย ร่างกาย,1-to-Many,ใช้เฉพาะเจ้าหน้าที่ทะเลาะกัน
GPM102,เจ้าหน้าที่ถูกคุกคามทางจิตใจ,[EN/05.01] มี การ คุกคาม / ข่มขู่ / ทะเลาะ วิวาท / ทําร้าย ร่างกาย,1-to-Many,ใช้เฉพาะการคุกคามทางจิตใจต่อเจ้าหน้าที่
GPM204,เกิดเรื่องร้องเรียนทั่วไป ซึ่งไม่เกี่ยวกับการบริการทาง การแพทย์,"[ES1/01] ข้อ ร้องเรียน เจ้าหน้าที่ พูด ไม่ ไพเราะ ต่อ ผู้ รับ บริการ
[ES1/02] ข้อ ร้องเรียน เจ้าหน้าที่ การ แสดงออก ทาง กาย ต่อ ผู้ รับ บริการ
[ES1/03] ข้อ ร้องเรียน เจ้าหน้าที่ ไม่ ปฎิบัติตาม ระเบียบ ของ โรง พยาบาล
[ES4/01] ข้อ ร้องเรียน ทาง ด้าน มล ภาวะ
[ES4/02] ข้อ ร้องเรียน ด้าน สาธารณูปโภค
[ES4/03] ข้อ ร้องเรียน ด้าน อาคาร สถาน ที่
[ES4/04] ข้อ ร้องเรียน ด้าน อุปกรณ์ เครื่อง ใช้ และ สิ่ง อํานวย ความ สะดวก
[ES4/05] ข้อ ร้องเรียน ทาง ด้าน ทรัพย์สิน สูญ หาย / เสียหาย
[ES5/01] ข้อ ร้องเรียน ได้ รับ บริการ ล่า ช้า
[ES6/01] ข้อ ร้องเรียน ด้าน พัสดุ
[ES6/02] ข้อ ร้องเรียน ด้าน การเงิน
[ES7/01] เหตุการณ์ ที่ อาจ เสี่ยง ต่อ การ เกิด ข้อ ร้องเรียน",Many-to-1,ชื่อเดิมถูกรวมเข้าสู่รหัสมาตรฐานใหม่ตามความหมายและขั้นตอนบริการที่ใกล้เคียงที่สุด
GPM205,เกิดเรื่องฟ้องร้องทางคดีผู้บริโภค,[เป็นความเสี่ยงใหม่ ไม่พบในระบบเก่า],No Match,ไม่พบหัวข้อเดิมที่มีความหมายเฉพาะตรงกับมาตรฐานใหม่ ควรเริ่มใช้รหัสนี้กับเหตุการณ์ใหม่และทบทวนย้อนหลังเป็นรายเหตุการณ์หากจำเป็น
GPM103,เจ้าหน้าที่มีภาวะเป็น second victim,[เป็นความเสี่ยงใหม่ ไม่พบในระบบเก่า],No Match,ไม่พบหัวข้อเดิมที่มีความหมายเฉพาะตรงกับมาตรฐานใหม่ ควรเริ่มใช้รหัสนี้กับเหตุการณ์ใหม่และทบทวนย้อนหลังเป็นรายเหตุการณ์หากจำเป็น
GPM104,เจ้าหน้าที่มีภาวะเครียดจากการทํางาน,[HR/06] การ แบ่ง ภาระ งาน ไม่ เหมาะสม กับ จํานวน คน,1-to-Many,ภาระงานไม่เหมาะสมอาจเป็นปัจจัยของความเครียด ต้องยืนยันผลกระทบต่อบุคลากร
GPM203,เกิดเรื่องร้องเรียนจากการบริการทางการแพทย์,"[ES5/02] ข้อ ร้องเรียน ด้าน การ รักษา และ หัตถการ
[ES5/03] ผู้ ป่วย ไม่ พึง พอใจ ใน การ รักษา / การ ให้ บริการ",Many-to-1,ชื่อเดิมถูกรวมเข้าสู่รหัสมาตรฐานใหม่ตามความหมายและขั้นตอนบริการที่ใกล้เคียงที่สุด
GPM206,เกิดเรื่องฟ้องร้องทางคดีแพ่ง,[เป็นความเสี่ยงใหม่ ไม่พบในระบบเก่า],No Match,ไม่พบหัวข้อเดิมที่มีความหมายเฉพาะตรงกับมาตรฐานใหม่ ควรเริ่มใช้รหัสนี้กับเหตุการณ์ใหม่และทบทวนย้อนหลังเป็นรายเหตุการณ์หากจำเป็น
GPM207,เกิดเรื่องฟ้องร้องทางคดีอาญา,[เป็นความเสี่ยงใหม่ ไม่พบในระบบเก่า],No Match,ไม่พบหัวข้อเดิมที่มีความหมายเฉพาะตรงกับมาตรฐานใหม่ ควรเริ่มใช้รหัสนี้กับเหตุการณ์ใหม่และทบทวนย้อนหลังเป็นรายเหตุการณ์หากจำเป็น
GPM208,เกิดเรื่องฟ้องร้องทางคดีปกครอง,[เป็นความเสี่ยงใหม่ ไม่พบในระบบเก่า],No Match,ไม่พบหัวข้อเดิมที่มีความหมายเฉพาะตรงกับมาตรฐานใหม่ ควรเริ่มใช้รหัสนี้กับเหตุการณ์ใหม่และทบทวนย้อนหลังเป็นรายเหตุการณ์หากจำเป็น
GPP101,บุคลากรปฏิบัติงานโดยมีภาระงานที่มากเกินเกณฑ์มาตรฐาน (work load),"[HR/06] การ แบ่ง ภาระ งาน ไม่ เหมาะสม กับ จํานวน คน
[HR/06.01] ตาราง เวร ออก ล่า ช้า / ไม่ มี การ จัด เวร on call
[HR/06.02] บุคลากร ไม่ เพียงพอ",Many-to-1,ชื่อเดิมถูกรวมเข้าสู่รหัสมาตรฐานใหม่ตามความหมายและขั้นตอนบริการที่ใกล้เคียงที่สุด
GPP102,บุคลากรที่มีภาวะเสี่ยงต่อการติดเชื้อ หรือรับการแพร่กระจาย เชื้อ ไม่ได้รับการป้องกันหรือดูแลที่เหมาะสม,"[IC/04] การ ใช้ อุปกรณ์ ป้องกัน ตน เอง (PPE) ไม่ เหมาะสม
[IC/04.01] การ ไม่ ใส่ อุปกรณ์ ป้องกัน ตน เอง (PPE) ตาม แนวทาง ที่ กําหนด
[IC/04.02] ใช้ หน้ากาก อนามัย (Mask) ผิด ประเภท
[IC/04.03] ใช้ อุปกรณ์ ป้องกัน ร่างกาย ส่วน บุคคล จาก การ ติด เชื้อ ไม่ ถูก ต้อง
[IC/17] อุปกรณ์ ป้องกัน (เสื้อ ผ้า ) ชํารุด",Many-to-1,ชื่อเดิมถูกรวมเข้าสู่รหัสมาตรฐานใหม่ตามความหมายและขั้นตอนบริการที่ใกล้เคียงที่สุด
GPP201,องค์กรเกิดภาวะที่คุกคามบุคลากรด้านกายภาพ ได้แก่ เสียง ดัง (noise) แสงสว่าง (light) ความร้อน (heat),"[EN/12] มล ภาวะ ทาง เสียง / แสง / ความ ร้อน
[EN/12.01] แสงสว่าง ไม่ เพียงพอ ต่อ การ ปฎิบัติงาน
[EN/12.02] เสียง ดัง รบกวน",Many-to-1,ชื่อเดิมถูกรวมเข้าสู่รหัสมาตรฐานใหม่ตามความหมายและขั้นตอนบริการที่ใกล้เคียงที่สุด
GPP202,บุคลากรไม่ได้รับ/ ไม่ได้ใช้อุปกรณ์ หรือใช้ไม่ถูกต้องในการ ป้องกันและคุ้มครองความปลอดภัยทางกายภาพ,[EN/05.06] เจ้าหน้าที่ ไม่ สวม หมวก กัน น็อ ค,1-to-Many,หัวข้อเดิมไม่สวมหมวกกันน็อคเป็นตัวอย่างของการไม่ใช้อุปกรณ์ป้องกันทางกายภาพ
GPP203,บุคลากรเกิดโรคจากการทํางาน ซึ่งมีสาเหตุจาก Physical Hazard,[เป็นความเสี่ยงใหม่ ไม่พบในระบบเก่า],No Match,ไม่พบหัวข้อเดิมที่มีความหมายเฉพาะตรงกับมาตรฐานใหม่ ควรเริ่มใช้รหัสนี้กับเหตุการณ์ใหม่และทบทวนย้อนหลังเป็นรายเหตุการณ์หากจำเป็น
GPP206,บุคลากรเกิดโรคจากการทํางาน ซึ่งมีสาเหตุจาก Chemical Hazard,[เป็นความเสี่ยงใหม่ ไม่พบในระบบเก่า],No Match,ไม่พบหัวข้อเดิมที่มีความหมายเฉพาะตรงกับมาตรฐานใหม่ ควรเริ่มใช้รหัสนี้กับเหตุการณ์ใหม่และทบทวนย้อนหลังเป็นรายเหตุการณ์หากจำเป็น
GPP207,องค์กรเกิดความไม่ปลอดภัยจากรังสีในที่ทํางาน เช่น เกิดการ รั่วไหลของรังสี,[เป็นความเสี่ยงใหม่ ไม่พบในระบบเก่า],No Match,ไม่พบหัวข้อเดิมที่มีความหมายเฉพาะตรงกับมาตรฐานใหม่ ควรเริ่มใช้รหัสนี้กับเหตุการณ์ใหม่และทบทวนย้อนหลังเป็นรายเหตุการณ์หากจำเป็น
GPP208,บุคลากรไม่ได้รับ/ไม่ได้ใช้อุปกรณ์ หรือใช้ไม่ถูกต้องในการ ป้องกันและคุ้มครองความปลอดภัยทางรังสี,[เป็นความเสี่ยงใหม่ ไม่พบในระบบเก่า],No Match,ไม่พบหัวข้อเดิมที่มีความหมายเฉพาะตรงกับมาตรฐานใหม่ ควรเริ่มใช้รหัสนี้กับเหตุการณ์ใหม่และทบทวนย้อนหลังเป็นรายเหตุการณ์หากจำเป็น
GPP204,องค์กรมีภาวะความไม่ปลอดภัยจากสารเคมีและวัตถุอันตราย,"[EN/01.05] สัมผัส สูด ดม ก็าซ พิษ และ สาร เคมี ขณะ ปฏิบัติ งาน
[EN/03.04] ออกซิเจน รั่ว / ระเบิด",Many-to-1,ชื่อเดิมถูกรวมเข้าสู่รหัสมาตรฐานใหม่ตามความหมายและขั้นตอนบริการที่ใกล้เคียงที่สุด
GPP205,บุคลากรไม่ได้รับ/ไม่ได้ใช้อุปกรณ์ หรือใช้ไม่ถูกต้องในการ ป้องกันและคุ้มครองความปลอดภัยทางเคมี,"[IC/04] การ ใช้ อุปกรณ์ ป้องกัน ตน เอง (PPE) ไม่ เหมาะสม
[EN/01.05] สัมผัส สูด ดม ก็าซ พิษ และ สาร เคมี ขณะ ปฏิบัติ งาน",Many-to-1,ต้องยืนยันว่าเป็น PPE สำหรับสารเคมี
GPP212,บุคลากรเกิดโรคจากการทํางานเกี่ยวกับโครงร่างกระดูกและ กล้ามเนื้อ ซึ่งมีสาเหตุจาก Biomechanical Hazard,[EN/01.04] เจ้าหน้าที่ ปวด หลังจาก การ ทํา งาน,1-to-1,ชื่อเดิมถูกรวมเข้าสู่รหัสมาตรฐานใหม่ตามความหมายและขั้นตอนบริการที่ใกล้เคียงที่สุด
GPP209,บุคลากรเกิดโรคจากการทํางาน ซึ่งมีสาเหตุจาก Radiation Hazard,[เป็นความเสี่ยงใหม่ ไม่พบในระบบเก่า],No Match,ไม่พบหัวข้อเดิมที่มีความหมายเฉพาะตรงกับมาตรฐานใหม่ ควรเริ่มใช้รหัสนี้กับเหตุการณ์ใหม่และทบทวนย้อนหลังเป็นรายเหตุการณ์หากจำเป็น
GPP210,บุคคลากรมีการทํางานในท่าทางหรือลักษณะอันอาจมี ผลกระทบต่อสุขภาพด้านโครงร่างของกระดูกและกล้ามเนื้อ,[EN/01.04] เจ้าหน้าที่ ปวด หลังจาก การ ทํา งาน,1-to-Many,อาการปวดหลังจากงานสะท้อน biomechanical hazard
GPP211,บุคลากรไม่ได้รับคําแนะนํา/อุปกรณ์ในการปรับ การทํางาน เพื่อลดผลกระทบต่อสุขภาพด้านโครงร่างของกระดูกและ กล้ามเนื้อ,[เป็นความเสี่ยงใหม่ ไม่พบในระบบเก่า],No Match,ไม่พบหัวข้อเดิมที่มีความหมายเฉพาะตรงกับมาตรฐานใหม่ ควรเริ่มใช้รหัสนี้กับเหตุการณ์ใหม่และทบทวนย้อนหลังเป็นรายเหตุการณ์หากจำเป็น
GPP301,บุคลากรไม่ได้ตรวจสุขภาพก่อนการรับเข้าทํางาน,[เป็นความเสี่ยงใหม่ ไม่พบในระบบเก่า],No Match,ไม่พบหัวข้อเดิมที่มีความหมายเฉพาะตรงกับมาตรฐานใหม่ ควรเริ่มใช้รหัสนี้กับเหตุการณ์ใหม่และทบทวนย้อนหลังเป็นรายเหตุการณ์หากจำเป็น
GPP302,บุคลากรได้รับการตรวจสุขภาพประจําปี ซึ่งมีโปรแกรมการ ตรวจไม่ครบถ้วน เหมาะสม ตรงตามลักษณะงาน,[เป็นความเสี่ยงใหม่ ไม่พบในระบบเก่า],No Match,ไม่พบหัวข้อเดิมที่มีความหมายเฉพาะตรงกับมาตรฐานใหม่ ควรเริ่มใช้รหัสนี้กับเหตุการณ์ใหม่และทบทวนย้อนหลังเป็นรายเหตุการณ์หากจำเป็น
GPP303,บุคลากรที่มีโอกาสแพร่กระจายเชื้อต่างๆ มาทํางานโดยไม่ ป้องกันและควบคุม,[เป็นความเสี่ยงใหม่ ไม่พบในระบบเก่า],No Match,ไม่พบหัวข้อเดิมที่มีความหมายเฉพาะตรงกับมาตรฐานใหม่ ควรเริ่มใช้รหัสนี้กับเหตุการณ์ใหม่และทบทวนย้อนหลังเป็นรายเหตุการณ์หากจำเป็น
GPS101,เกิดอุบัติการณ์ด้านความมั่นคงปลอดภัยไซเบอร์ที่ทําให้ ข้อมูลความลับของสถานพยาบาลรั่วไหล (Confidentiality Failure),[IM/05] ข้อมูล เวช ระเบียน ผู้ ป่วย ถูก เปิดเผย,1-to-Many,ต้องยืนยันว่าเป็นเหตุไซเบอร์ ไม่ใช่การเปิดเผยข้อมูลด้วยกระบวนการทั่วไป
GPS102,เกิดอุบัติการณ์ด้านความมั่นคงปลอดภัยไซเบอร์ที่ทําให้ ข้อมูลสารสนเทศของสถานพยาบาลถูกแก้ไข/ลบ/เพิ่มเติม/ ทําให้เสียหายหรือสูญหายโดยมิชอบ (Integrity Failure),[IM/12] การ สํารอง ข้อมูล ผิด พลาด / ข้อมูล สูญ หาย,1-to-Many,ใช้เมื่อข้อมูลถูกแก้ไข/ลบ/สูญหายโดยมิชอบจากเหตุไซเบอร์
GPS103,เกิดอุบัติการณ์ด้านความมั่นคงปลอดภัยไซเบอร์ที่ทําให้ระบบ สารสนเทศของสถานพยาบาลขัดข้อง/ใช้การไม่ได้/ทํางาน ช้าหรือไม่ปกติ (Availability Failure),"[IM/10] ระบบ โปรแกรม คอมพิวเตอร์ (Software) ขัดข้อง (เช่น ระบบ อิน เต อร์เน็ต โปรแกรม Thai Refer Smart Que เป็นต้น)
[IM/10.01] ระบบ PACS x-ray มี ปัญหา เกิน 15 นาที
[IM/10.02] ระบบ LIS มี ปัญหา ขัดข้อง
[IM/11] HOS-XP ขัดข้อง",Many-to-1,ใช้เมื่อสาเหตุเป็นเหตุความมั่นคงปลอดภัยไซเบอร์
GPS104,"เกิดอุบัติการณ์ด้านความมั่นคงปลอดภัยไซเบอร์ที่ทําให้เกิด ความเสียหายต่อข้อมูลหรือระบบสารสนเทศของ สถานพยาบาลมากกว่าหนึ่งด้าน (Multiple Failures) ระหว่าง Confidentiality Failure, Integrity Failure และ Availability Failure","[IM/05] ข้อมูล เวช ระเบียน ผู้ ป่วย ถูก เปิดเผย
[IM/12] การ สํารอง ข้อมูล ผิด พลาด / ข้อมูล สูญ หาย",Many-to-1,ใช้เมื่อเกิดความเสียหายตั้งแต่สองด้านขึ้นไป
GPS105,เกิดอุบัติการณ์การละเมิดความเป็นส่วนตัว (Privacy) ของ ข้อมูลส่วนบุคคลของบุคลากรหรือนักศึกษาของ สถานพยาบาล ที่ไม่ใช่อุบัติการณ์ด้านความมั่นคงปลอดภัยไซ เบอร์ ทําให้เสียหายหรือสูญหายโดยมิชอบ (Integrity Failure),[เป็นความเสี่ยงใหม่ ไม่พบในระบบเก่า],No Match,ไม่พบหัวข้อเดิมที่มีความหมายเฉพาะตรงกับมาตรฐานใหม่ ควรเริ่มใช้รหัสนี้กับเหตุการณ์ใหม่และทบทวนย้อนหลังเป็นรายเหตุการณ์หากจำเป็น
GPS106,เกิดอุบัติการณ์ความละเมิดความเป็นส่วนตัว (Privacy) ของ ข้อมูลส่วนบุคคลของผู้ป่วย/ผู้รับบริการ หรือบุคคลภายนอก ที่ไม่ใช่อุบัติการณ์ด้านความมั่นคงปลอดภัยไซเบอร์,"[IM/05] ข้อมูล เวช ระเบียน ผู้ ป่วย ถูก เปิดเผย
[PT/15.03] ความ ลับ ใน โรค ที่ สําคัญ ผู้ ป่วย เปิดเผย เช่น HIV วัณโรค ซิฟิลิส OSCC ผู้ ป่วย คดี เป็นต้น",1-to-1,ชื่อเดิมถูกรวมเข้าสู่รหัสมาตรฐานใหม่ตามความหมายและขั้นตอนบริการที่ใกล้เคียงที่สุด
GPS203,บุคลากรใช้สื่อสังคมออนไลน์ไม่เหมาะสม เกิดผลกระทบทาง ลบต่อตนเอง บุคลากรคนอื่น สถานพยาบาล ผู้ป่วย/ ผู้รับบริการ หรือบุคคลภายนอก ที่ไม่ใช่อุบัติการณ์ด้านความมั่นคงปลอดภัยไซเบอร์,[เป็นความเสี่ยงใหม่ ไม่พบในระบบเก่า],No Match,ไม่พบหัวข้อเดิมที่มีความหมายเฉพาะตรงกับมาตรฐานใหม่ ควรเริ่มใช้รหัสนี้กับเหตุการณ์ใหม่และทบทวนย้อนหลังเป็นรายเหตุการณ์หากจำเป็น
GPS201,บุคลากรถูกกล่าวถึงหรือวิพากษ์วิจารณ์ในทางลบบนสื่อ สังคมออนไลน์หรือสื่อสาธารณะที่เกี่ยวข้องกับการปฏิบัติ หน้าที่,[EN/05.05] เจ้าหน้าที่ ถูก ถ่ายรูป ขณะ ปฏิบัติ งาน,1-to-Many,ถูกถ่ายภาพอาจนำไปสู่การกล่าวถึง/วิพากษ์วิจารณ์จากการปฏิบัติหน้าที่
GPS202,บุคลากรถูกกล่าวถึงหรือวิพากษ์วิจารณ์ในทางลบบนสื่อ สังคมออนไลน์หรือสื่อสาธารณะที่ไม่ได้เกี่ยวข้องกับการ ปฏิบัติหน้าที่,[เป็นความเสี่ยงใหม่ ไม่พบในระบบเก่า],No Match,ไม่พบหัวข้อเดิมที่มีความหมายเฉพาะตรงกับมาตรฐานใหม่ ควรเริ่มใช้รหัสนี้กับเหตุการณ์ใหม่และทบทวนย้อนหลังเป็นรายเหตุการณ์หากจำเป็น
GPS204,"เกิดอุบัติการณ์ที่ส่งผลกระทบทางลบต่อสถานพยาบาลบนสื่อ สังคมออนไลน์ เช่น Drama, Fake News แต่ไม่ได้เกิดจาก บุคลากร และไม่กระทบบุคลากรคนใดคนหนึ่งโดยตรง",[เป็นความเสี่ยงใหม่ ไม่พบในระบบเก่า],No Match,ไม่พบหัวข้อเดิมที่มีความหมายเฉพาะตรงกับมาตรฐานใหม่ ควรเริ่มใช้รหัสนี้กับเหตุการณ์ใหม่และทบทวนย้อนหลังเป็นรายเหตุการณ์หากจำเป็น
CPI302,เกิดการระบาดของโรคที่ป้องกันได้ด้วยวัคซีน (Vaccine Preventable Disease) ภายในโรงพยาบาล,[IC/12] เกิด โรค ระบาด / โรค ติด เชื้อ แพร่ กระจาย ใน โรง พยาบาล,1-to-Many,หัวข้อเดิมโรคระบาดกว้าง ต้องยืนยันว่าเป็นโรคที่ป้องกันได้ด้วยวัคซีน
CPI303,เกิดการระบาดของโรคติดต่ออื่นๆ (Other Communication Disease) ภายในโรงพยาบาล,[IC/12] เกิด โรค ระบาด / โรค ติด เชื้อ แพร่ กระจาย ใน โรง พยาบาล,1-to-Many,หัวข้อเดิมโรคระบาดกว้าง ต้องระบุชนิดโรคติดต่อ
CPM503,"การไม่ปฏิบัติตามข้อกําหนด (Specific requirements not met, SRNM) ซึ่งเป็นเหตุให้ผู้ป่วยได้รับส่วนประกอบของ เลือดที่ไม่เป็นไปตามที่กําหนด",[เป็นความเสี่ยงใหม่ ไม่พบในระบบเก่า],No Match,ไม่พบหัวข้อเดิมที่มีความหมายเฉพาะตรงกับมาตรฐานใหม่ ควรเริ่มใช้รหัสนี้กับเหตุการณ์ใหม่และทบทวนย้อนหลังเป็นรายเหตุการณ์หากจำเป็น
CPM505,"เกิดความผิดพลาดในการนําส่งและจัดเก็บส่วนประกอบของ เลือด (Handling and storage errors, HSE)",[PT/16.06] เลือด เสื่อม คุณภาพ เนื่องจาก การ เก็บ ไม่ ถูก ต้อง,1-to-1,ชื่อเดิมถูกรวมเข้าสู่รหัสมาตรฐานใหม่ตามความหมายและขั้นตอนบริการที่ใกล้เคียงที่สุด
CPM506,กระบวนการปฏิบัติงาน/ขั้นตอนการดําเนินงานในการให้ เลือดผู้ป่วยคลาดเคลื่อนจากข้อกําหนด (Right blood right,[PT/16] การ ให้ เลือด ผิด พลาด,1-to-Many,หัวข้อเดิมกว้าง ต้องจำแนกขั้นตอนที่คลาดเคลื่อนตามข้อกำหนดใหม่
CPM504,การให้เลือดที่ไม่เหมาะสม (Inappropriate transfusion),[PT/16.05] ไม่ มี เลือด ให้ / ได้ รับ เลือด ล่า ช้า,1-to-Many,รหัสเดิมระบุไม่มีเลือด/ได้รับล่าช้า ต้องทบทวนข้อบ่งชี้ว่าการให้เลือดไม่เหมาะสมหรือไม่
GOE101,"เกิดปัญหาด้านการควบคุมการเงิน เช่น ไม่กําหนดระเบียบ/ ผู้รับผิดชอบ, ไม่มีเอกสารหลักฐานกํากับ, ขาดการตรวจสอบ หรือสอบทาน เป็นต้น","[CF1/01] จ่าย เงิน ลูกค้า ภายนอก ผิด พลาด
[CF1/01.01] การ จ่าย เงิน เจ้าหนี้ ไม่ ถูก ต้อง
[CF1/01.02] การ จ่าย เงิน เจ้าหนี้ ล่า ช้า
[CF1/02] จ่าย เงิน ลูกค้า ภายใน ผิด พลาด
[CF1/02.01] การ จ่าย เงิน ค่า ตอบแทน ไม่ ถูก ต้อง
[CF1/02.02] การ จ่าย เงิน ค่า ตอบแทน ไม่ ตรง เวลา ตาม ที่ กําหนด
[CF1/02.03] การ จ่าย เงิน ไม่ เป็น ไป ตาม ระเบียบ
[CF1/03] เอกสาร การ จ่าย เงิน ผิด พลาด
[CF1/03.01] เอกสาร ประกอบ การ จ่าย ไม่ ครบถ้วน ถูก ต้อง
[CF1/04] การ จัด ทํา รายงาน การเงิน คงเหลือ ประจํา วัน ไม่ ครบถ้วน / ถูก ต้อง
[CF1/05] การ เคลมเงิน ผิด พลาด (งาน ประกัน)
[CF1/05.01] เก็บ ค่า รักษา พยาบาล ไม่ ครบ เนื่องจาก ค่า รักษา พยาบาล บาง ส่วน คีย์ล่า ช้า
[CF1/05.02] ส่ง เจ้าหนี้ ตาม จ่าย ล่า ช้า
[CF1/05.03] การ เคลมค่า ใช้ จ่าย ผิด
[CF1/05.04] สิทธิ กรม บัญชี กลาง ไม่ ได้ รูด บัตร
[CF1/05.05] สิทธิ กรม บัญชี กลาง รูด บัตร ไม่ ตรง ค่า ค่า ใช้ จ่าย
[CF1/06] รับ เงิน ลูกค้า ภายนอก / ภายใน ผิด พลาด
[CF1/06.01] แผนก ไม่ ส่ง ผู้ ป่วย (ที่ ต้อง ชําระ เงิน) มา ชําระ เงิน ที่ ห้อง การเงิน
[CF1/06.02] ผู้ ป่วย ไม่ ไป ชําระ เงิน ที่ ห้อง การเงิน
[CF1/06.03] ลง ค่า ใช้ จ่าย ไม่ ครบ / ลง ผิด พลาด
[CF1/07] การ ส่ง เงิน ส่ง เงิน เกิน / ขาด
[CF1/08] ส่ง เงิน ล่า ช้า
[CF1/09] เอกสาร รับ เงิน ผิด พลาด
[CF1/09.01] ออก ใบเสร็จ ซ้ํา
[CF1/09.02] สําเนา ใบเสร็จ รับ เงิน สูญ หาย
[CF1/10] บันทึก บัญชี ไม่ ถูก ต้อง 3. โปรแกรม การ บริหารจัดการ องค์กร (CFO+HR)
[CF1/10.01] การ รับ เงิน กองทุน ต่างๆ (เช่น รับ โอน เงิน จาก ส ป ส ช. กองทุน เอ ดส์ เป็นต้น) มี การ บันทึก บัญชี ผิดหมวด
[CF1/10.02] การ บันทึก บัญชี ไม่ เป็น ปัจจุบัน
[CF1/10.03] ข้อมูล ทาง บัญชี ไม่ ถูก ต้อง ครบถ้วน
[CF1/10.04] เอกสาร ทาง บัญชี สูญ หาย
[CF1/10.05] จัด ส่ง รายงาน ทางการ เงิน ล่า ช้า",Many-to-1,รวบรวมความผิดพลาดการรับ-จ่ายเงิน บัญชี และเอกสารการเงิน
GOE201,"เกิดปัญหาด้านการควบคุมงบประมาณ เช่น ไม่กําหนด ระเบียบ/ผู้รับผิดชอบ, ไม่มีทะเบียนคุม/เอกสารหลักฐาน กํากับ, ขาดการตรวจสอบหรือสอบทาน เป็นต้น",[เป็นความเสี่ยงใหม่ ไม่พบในระบบเก่า],No Match,ไม่พบหัวข้อเดิมที่มีความหมายเฉพาะตรงกับมาตรฐานใหม่ ควรเริ่มใช้รหัสนี้กับเหตุการณ์ใหม่และทบทวนย้อนหลังเป็นรายเหตุการณ์หากจำเป็น
GPE102,ห้องแยกโรค/Isolation room มีการระบายอากาศไม่ เหมาะสม และ/หรือ ไม่เป็นไปตามเกณฑ์มาตรฐาน,[เป็นความเสี่ยงใหม่ ไม่พบในระบบเก่า],No Match,ไม่พบหัวข้อเดิมที่มีความหมายเฉพาะตรงกับมาตรฐานใหม่ ควรเริ่มใช้รหัสนี้กับเหตุการณ์ใหม่และทบทวนย้อนหลังเป็นรายเหตุการณ์หากจำเป็น
GPE205,เกิดปัญหาด้านการจัดการสภาพแวดล้อมในการให้บริการ,"[EN/15] สถาน ที่ / สิ่งแวดล้อม ไม่ เป็น ระเบียบ เรียบร้อย
[EN/15.01] ผ้า ม่าน ที่ ยัง ไม่ ได้ ซัก สกปรก (มี ฝุ่น เกาะ, เปื้อน สาร คัด หลั่ง)
[EN/15.02] ไม่ ปิด อาคาร สถาน ที่ หลัง ปฏิบัติ งาน แล้ว เสร็จ
[EN/15.03] พื้น สกปรก
[EN/15.04] สาย ไฟ ระโยงระยาง ไม่ เป็น ระเบียบ
[EN/15.05] ไม่ เก็บ อุปกรณ์ หลังจาก ใช้ งาน
[EN/15.06] เชื้อรา จาก เพดาน และ เครื่อง ปรับอากาศ
[EN/15.07] หญ้า ขึ้น รก
[EN/15.08] จอด รถ ใน จุด ห้าม จอด
[EN/15.09] จอด รถ ขวาง ทาง- ไม่ เป็น ระเบียบ
[EN/15.10] รถ เข็น อาหาร / การ แต่ง กาย ผู้ จ่าย อาหาร ไม่ ได้ มาตรฐาน ไม่ ใส่ หมวก, ผ้า กัน เปื้อน, เล็บ ยาว",Many-to-1,ชื่อเดิมถูกรวมเข้าสู่รหัสมาตรฐานใหม่ตามความหมายและขั้นตอนบริการที่ใกล้เคียงที่สุด
GPE206,"เกิดปัญหาด้านการควบคุมสิ่งแวดล้อมในสถานที่ทํางาน เช่น ระบบน้ําอุปโภค-บริโภคไม่เพียงพอ/ไม่พร้อมใช้, ระบบไฟฟ้า ไม่เพียงพอ ไม่พร้อมใช้/ดับ/ช็อต/กระพริบ, การบําบัดน้ํา เสีย/กําจัดขยะ ไม่ถูกวิธี/ไม่ได้มาตรฐาน","[EN/06] ความ ขัดข้อง ของ ระบบ น้ํา
[EN/06.01] ท่อ ประปา ชํารุด / แตก
[EN/06.02] คุณภาพ น้ํา ประปา / น้ํา ดื่ม ไม่ ได้ มาตรฐาน ของ กรม อนามัย
[EN/06.03] น้ํา ไม่ ไหล
[EN/06.04] น้ํา ดื่ม มี การ ปน เปื้อน เช่น ตะไคร่ ใน น้ํา, ลูกน้ํา ยุง ลาย ใน น้ํา ดื่ม
[EN/06.05] ไม่ มี น้ํา ดื่ม / น้ํา ดื่ม หมด
[EN/08] กระแส ไฟฟ้า ขัดข้อง
[EN/08.01] ไฟฟ้า รั่ว / ไฟฟ้า ดูด / ช็อต
[EN/08.02] ไฟ ดับ นาน กว่า 10 วินาที
[EN/11] มล ภาวะ ทาง น้ํา
[EN/11.01] คุณภาพ น้ํา ทิ้ง ไม่ ได้ มาตรฐาน ของ กรม อนามัย
[EN/11.02] ท่อ น้ํา ระบบ บําบัด อุด ตัน
[EN/11.03] น้ํา ท่วม ขัง
[EN/13] ไม่ ปฏิบัติ ตาม แนวทาง การ จัดการ ขยะ
[EN/13.01] ทิ้ง ขยะ ผิด ประเภท
[EN/13.02] ไม่ ปฏิบัติ ตาม แนวทาง การ ขน ย้าย ขยะ
[EN/13.03] ไม่ บันทึก รายงาน การ ส่ง ขยะ ติด เชื้อ ตาม แนวทาง
[EN/19.05] เครื่อง กําเนิด ไฟฟ้า ไม่ ทํา งาน
[EN/07] สูญ เสีย ทรัพยากร น้ํา
[EN/09] สูญ เสีย ทรัพยากร ไฟฟ้า",Many-to-1,ชื่อเดิมถูกรวมเข้าสู่รหัสมาตรฐานใหม่ตามความหมายและขั้นตอนบริการที่ใกล้เคียงที่สุด
GPE207,เกิดปัญหาความไม่ปลอดภัย/ขาดการปฏิบัติหรือไม่ปฏิบัติ ตามนโยบายความปลอดภัย เช่น ทรัพย์สินสูญหาย/ถูกลัก ขโมย เป็นต้น,"[EN/03] ทรัพย์สิน ทาง ราชการ สูญ หาย / เสียหาย (ไม่ รวม ของ เครื่องมือ แพทย์ และ อุปกรณ์ ทาง ไอ ที)
[EN/03.01] รถ ราชการ เกิด อุบัติเหตุ
[EN/03.02] ทรัพย์สิน ถูก ทําลาย เกิด ความ เสียหาย
[EN/03.03] หนู กัด ทําลาย ยา เอกสาร อุปกรณ์ อื่นๆ
[EN/03.04] ออกซิเจน รั่ว / ระเบิด
[EN/03.05] ระบบ ออกซิเจน ไม่ พร้อม ใช้ งาน
[EN/03.06] รถ ราชการ เสีย ระหว่าง เดินทาง ราชการ
[EN/04] ทรัพย์สิน เจ้าหน้าที่ / ผู้ รับ บริการ สูญ หาย- เสียหาย
[EN/05] ความ ปลอดภัย ทาง ร่างกาย ของ เจ้าหน้าที่- ผู้ รับ บริการ
[EN/05.03] บุคคล ภายนอก / แปลก หน้า เข้า มา บริเวณ บ้านพัก
[EN/05.04] อุบัติเหตุ จราจร ภายใน โรง พยาบาล",Many-to-1,ชื่อเดิมถูกรวมเข้าสู่รหัสมาตรฐานใหม่ตามความหมายและขั้นตอนบริการที่ใกล้เคียงที่สุด
GPP103,บุคลากรประสบอุบัติเหตุหรือบาดเจ็บจากการปฏิบัติงาน (ยกเว้น ถูกวัสดุอุปกรณ์มีคมทิ่มตํา),"[EN/01] เจ้าหน้าที่ ได้ รับ บาดเจ็บ / อันตราย ขณะ ปฏิบัติ งาน
[EN/01.01] พลัด ตก หกล้ม ขณะ ปฏิบัติ งาน
[EN/01.02] อุปกรณ์ ไฟฟ้า / กระแส ไฟฟ้า ช็อ ต / ดูด ขณะ ปฏิบัติ งาน
[EN/01.03] อุบัติเหตุ ของ มี คม เช่น โดน เข็ม ตํา / มีด บาด ที่ ไม่"" เปื้อน"" เลือด หรือ สาร คัด หลั่ง 2. ด้าน สาธารณูปโภค /สิ่งแวดล้อม / ความ ปลอดภัย /เครื่องมือ และ อุปกรณ์ ทั่วไป (ENV)
[EN/01.06] อุบัติเหตุ จาก เครื่อง จัก กล ขณะ ปฏิบัติ งาน",Many-to-1,ชื่อเดิมถูกรวมเข้าสู่รหัสมาตรฐานใหม่ตามความหมายและขั้นตอนบริการที่ใกล้เคียงที่สุด
